created_date,publication_id,parent_id,article_id,rating,funny,wow,sad,likes,disagree,toxicity,severe_toxicity,obscene,sexual_explicit,identity_attack,insult,threat,male,female,transgender,other_gender,heterosexual,homosexual_gay_or_lesbian,bisexual,other_sexual_orientation,christian,jewish,muslim,hindu,buddhist,atheist,other_religion,black,white,asian,latino,other_race_or_ethnicity,physical_disability,intellectual_or_learning_disability,psychiatric_or_mental_illness,other_disability,identity_annotator_count,toxicity_annotator_count,clean,perturbed
2017-08-28 16:56:03.144065+00,102.0,5854434.0,371459.0,approved,0.0,0.0,0.0,3.0,0.0,0.7758620689655171,0.03448275862068965,0.08620689655172414,0.0,0.0,0.7931034482758621,0.0,,,,,,,,,,,,,,,,,,,,,,,,,0.0,58.0,i guess they think were stupid or if they say it enough,i guess they think were stpd or if they say it enough
2017-08-28 16:56:03.144065+00,102.0,5854434.0,371459.0,approved,0.0,0.0,0.0,3.0,0.0,0.7758620689655171,0.03448275862068965,0.08620689655172414,0.0,0.0,0.7931034482758621,0.0,,,,,,,,,,,,,,,,,,,,,,,,,0.0,58.0,i guess they think were stupid or if they say it enough,i guess they think were STUPIDDDDD or if they say it enough
2017-08-28 16:56:03.144065+00,102.0,5854434.0,371459.0,approved,0.0,0.0,0.0,3.0,0.0,0.7758620689655171,0.03448275862068965,0.08620689655172414,0.0,0.0,0.7931034482758621,0.0,,,,,,,,,,,,,,,,,,,,,,,,,0.0,58.0,i guess they think were stupid or if they say it enough,i guess they think were Stuuupidd or if they say it enough
2017-03-11 19:28:00.277475+00,93.0,,318557.0,rejected,0.0,0.0,0.0,0.0,0.0,0.9038461538461541,0.0,0.2307692307692308,0.15384615384615385,0.0,0.8653846153846154,0.0,,,,,,,,,,,,,,,,,,,,,,,,,0.0,52.0,this mayor is an ass,this mayor is an ASSSSSSS
2017-03-11 19:28:00.277475+00,93.0,,318557.0,rejected,0.0,0.0,0.0,0.0,0.0,0.9038461538461541,0.0,0.2307692307692308,0.15384615384615385,0.0,0.8653846153846154,0.0,,,,,,,,,,,,,,,,,,,,,,,,,0.0,52.0,this mayor is an ass,this mayor is an assss
2017-03-11 19:28:00.277475+00,93.0,,318557.0,rejected,0.0,0.0,0.0,0.0,0.0,0.9038461538461541,0.0,0.2307692307692308,0.15384615384615385,0.0,0.8653846153846154,0.0,,,,,,,,,,,,,,,,,,,,,,,,,0.0,52.0,this mayor is an ass,this mayor is an ASSSSS
2016-05-04 15:09:22.115543+00,21.0,302847.0,73364.0,rejected,0.0,0.0,0.0,0.0,0.0,0.7272727272727274,0.060606060606060615,0.0,0.0,0.0,0.7121212121212122,0.09090909090909093,,,,,,,,,,,,,,,,,,,,,,,,,0.0,66.0,also missing is making you squeal like a pig,also missing is making you squeal like a PIGGG
2017-05-21 00:47:57.809682+00,21.0,5282693.0,336231.0,approved,0.0,0.0,0.0,6.0,5.0,0.9027777777777778,0.013888888888888888,0.2083333333333333,0.0,0.0,0.875,0.18055555555555555,,,,,,,,,,,,,,,,,,,,,,,,,0.0,72.0,you cant fix stupid you can only run them out of office as soon as possible,you cant fix stupiddddd you can only run them out of office as soon as possible
2017-05-21 00:47:57.809682+00,21.0,5282693.0,336231.0,approved,0.0,0.0,0.0,6.0,5.0,0.9027777777777778,0.013888888888888888,0.2083333333333333,0.0,0.0,0.875,0.18055555555555555,,,,,,,,,,,,,,,,,,,,,,,,,0.0,72.0,you cant fix stupid you can only run them out of office as soon as possible,you cant fix stpd you can only run them out of office as soon as possible
2017-05-21 00:47:57.809682+00,21.0,5282693.0,336231.0,approved,0.0,0.0,0.0,6.0,5.0,0.9027777777777778,0.013888888888888888,0.2083333333333333,0.0,0.0,0.875,0.18055555555555555,,,,,,,,,,,,,,,,,,,,,,,,,0.0,72.0,you cant fix stupid you can only run them out of office as soon as possible,you cant fix STUPIDDDDD you can only run them out of office as soon as possible
2017-08-27 03:12:22.129969+00,21.0,5836603.0,369872.0,rejected,0.0,0.0,0.0,0.0,0.0,0.8253968253968254,0.1111111111111111,0.015873015873015872,0.0,0.0,0.031746031746031744,0.8253968253968254,,,,,,,,,,,,,,,,,,,,,,,,,0.0,63.0,next time just shoot yourself,next time just Shooooot yourself
2017-08-27 03:12:22.129969+00,21.0,5836603.0,369872.0,rejected,0.0,0.0,0.0,0.0,0.0,0.8253968253968254,0.1111111111111111,0.015873015873015872,0.0,0.0,0.031746031746031744,0.8253968253968254,,,,,,,,,,,,,,,,,,,,,,,,,0.0,63.0,next time just shoot yourself,next time just SH_T yourself
2017-08-27 03:12:22.129969+00,21.0,5836603.0,369872.0,rejected,0.0,0.0,0.0,0.0,0.0,0.8253968253968254,0.1111111111111111,0.015873015873015872,0.0,0.0,0.031746031746031744,0.8253968253968254,,,,,,,,,,,,,,,,,,,,,,,,,0.0,63.0,next time just shoot yourself,next time just Shot yourself
2017-11-03 13:33:16.727860+00,75.0,,396650.0,approved,0.0,0.0,0.0,1.0,0.0,0.8571428571428571,0.0,0.125,0.0,0.0,0.7857142857142857,0.0,,,,,,,,,,,,,,,,,,,,,,,,,0.0,56.0,this is a stupid idea,this is a Stuuupidd idea
2017-11-03 13:33:16.727860+00,75.0,,396650.0,approved,0.0,0.0,0.0,1.0,0.0,0.8571428571428571,0.0,0.125,0.0,0.0,0.7857142857142857,0.0,,,,,,,,,,,,,,,,,,,,,,,,,0.0,56.0,this is a stupid idea,this is a stupiddddd idea
2017-11-03 13:33:16.727860+00,75.0,,396650.0,approved,0.0,0.0,0.0,1.0,0.0,0.8571428571428571,0.0,0.125,0.0,0.0,0.7857142857142857,0.0,,,,,,,,,,,,,,,,,,,,,,,,,0.0,56.0,this is a stupid idea,this is a stpd idea
2016-12-03 07:05:09.246156+00,54.0,654490.0,154341.0,rejected,0.0,0.0,0.0,0.0,0.0,1.0,0.045454545454545456,0.11363636363636365,0.0,0.022727272727272728,0.9318181818181815,0.0,,,,,,,,,,,,,,,,,,,,,,,,,0.0,44.0,are you that stupid you clearly are,are you that STUPIDDDDD you clearly are
2016-12-03 07:05:09.246156+00,54.0,654490.0,154341.0,rejected,0.0,0.0,0.0,0.0,0.0,1.0,0.045454545454545456,0.11363636363636365,0.0,0.022727272727272728,0.9318181818181815,0.0,,,,,,,,,,,,,,,,,,,,,,,,,0.0,44.0,are you that stupid you clearly are,are you that Stuuupidd you clearly are
2016-12-03 07:05:09.246156+00,54.0,654490.0,154341.0,rejected,0.0,0.0,0.0,0.0,0.0,1.0,0.045454545454545456,0.11363636363636365,0.0,0.022727272727272728,0.9318181818181815,0.0,,,,,,,,,,,,,,,,,,,,,,,,,0.0,44.0,are you that stupid you clearly are,are you that stupiddddd you clearly are
2017-08-21 23:05:46.410886+00,54.0,5814153.0,361024.0,rejected,0.0,0.0,0.0,0.0,0.0,0.8392857142857143,0.0,0.10714285714285714,0.0,0.05357142857142857,0.875,0.0,,,,,,,,,,,,,,,,,,,,,,,,,0.0,56.0,now blind to go with stupid,now blind to go with stpd
2017-08-21 23:05:46.410886+00,54.0,5814153.0,361024.0,rejected,0.0,0.0,0.0,0.0,0.0,0.8392857142857143,0.0,0.10714285714285714,0.0,0.05357142857142857,0.875,0.0,,,,,,,,,,,,,,,,,,,,,,,,,0.0,56.0,now blind to go with stupid,now blind to go with STUPIDDDDD
2017-08-21 23:05:46.410886+00,54.0,5814153.0,361024.0,rejected,0.0,0.0,0.0,0.0,0.0,0.8392857142857143,0.0,0.10714285714285714,0.0,0.05357142857142857,0.875,0.0,,,,,,,,,,,,,,,,,,,,,,,,,0.0,56.0,now blind to go with stupid,now blind to go with Stuuupidd
2016-10-14 04:49:35.140519+00,21.0,526248.0,148380.0,rejected,0.0,0.0,0.0,0.0,0.0,0.8428571428571427,0.028571428571428567,0.7571428571428571,0.7857142857142857,0.0,0.4428571428571429,0.12857142857142856,,,,,,,,,,,,,,,,,,,,,,,,,0.0,70.0,dude loosen up your underwear your ass is going to explode good grief,dude loosen up your underwear your As is going to explode good grief
2016-10-14 04:49:35.140519+00,21.0,526248.0,148380.0,rejected,0.0,0.0,0.0,0.0,0.0,0.8428571428571427,0.028571428571428567,0.7571428571428571,0.7857142857142857,0.0,0.4428571428571429,0.12857142857142856,,,,,,,,,,,,,,,,,,,,,,,,,0.0,70.0,dude loosen up your underwear your ass is going to explode good grief,dude loosen up your underwear your asssss is going to explode good grief
2016-10-14 04:49:35.140519+00,21.0,526248.0,148380.0,rejected,0.0,0.0,0.0,0.0,0.0,0.8428571428571427,0.028571428571428567,0.7571428571428571,0.7857142857142857,0.0,0.4428571428571429,0.12857142857142856,,,,,,,,,,,,,,,,,,,,,,,,,0.0,70.0,dude loosen up your underwear your ass is going to explode good grief,dude loosen up your underwear your as is going to explode good grief
2017-05-29 23:10:44.963376+00,54.0,5323853.0,338791.0,approved,0.0,0.0,0.0,9.0,1.0,0.7333333333333331,0.03333333333333333,0.1,0.0,0.0,0.65,0.0,,,,,,,,,,,,,,,,,,,,,,,,,0.0,60.0,so we can put you down for a donation to help pay for the stupid waste,so we can put you down for a donation to help pay for the stupiddddd waste
2017-05-29 23:10:44.963376+00,54.0,5323853.0,338791.0,approved,0.0,0.0,0.0,9.0,1.0,0.7333333333333331,0.03333333333333333,0.1,0.0,0.0,0.65,0.0,,,,,,,,,,,,,,,,,,,,,,,,,0.0,60.0,so we can put you down for a donation to help pay for the stupid waste,so we can put you down for a donation to help pay for the stpd waste
2017-05-29 23:10:44.963376+00,54.0,5323853.0,338791.0,approved,0.0,0.0,0.0,9.0,1.0,0.7333333333333331,0.03333333333333333,0.1,0.0,0.0,0.65,0.0,,,,,,,,,,,,,,,,,,,,,,,,,0.0,60.0,so we can put you down for a donation to help pay for the stupid waste,so we can put you down for a donation to help pay for the STUPIDDDDD waste
2016-09-30 05:05:43.861497+00,21.0,498324.0,147196.0,approved,0.0,0.0,0.0,4.0,0.0,0.8392857142857143,0.017857142857142856,0.03571428571428571,0.017857142857142856,0.017857142857142856,0.8392857142857143,0.0,,,,,,,,,,,,,,,,,,,,,,,,,0.0,56.0,you dirty old man you,you dirtyyyy old man you
2016-06-29 01:48:19.274483+00,21.0,368163.0,140277.0,approved,0.0,0.0,0.0,8.0,0.0,0.5875,0.075,0.4,0.3375,0.0,0.45,0.0125,,,,,,,,,,,,,,,,,,,,,,,,,0.0,80.0,get a life will you dick,get a life will you dickkkkk
2016-06-29 01:48:19.274483+00,21.0,368163.0,140277.0,approved,0.0,0.0,0.0,8.0,0.0,0.5875,0.075,0.4,0.3375,0.0,0.45,0.0125,,,,,,,,,,,,,,,,,,,,,,,,,0.0,80.0,get a life will you dick,get a life will you dickkkk
2016-06-29 01:48:19.274483+00,21.0,368163.0,140277.0,approved,0.0,0.0,0.0,8.0,0.0,0.5875,0.075,0.4,0.3375,0.0,0.45,0.0125,,,,,,,,,,,,,,,,,,,,,,,,,0.0,80.0,get a life will you dick,get a life will you DIIIICK
2016-11-19 19:38:36.819855+00,21.0,613448.0,152197.0,approved,0.0,0.0,0.0,0.0,0.0,0.6142857142857143,0.028571428571428567,0.057142857142857134,0.014285714285714284,0.014285714285714284,0.5714285714285714,0.0,,,,,,,,,,,,,,,,,,,,,,,,,0.0,70.0,rather dumb question of course he is,rather DUMBBBB question of course he is
2016-11-19 19:38:36.819855+00,21.0,613448.0,152197.0,approved,0.0,0.0,0.0,0.0,0.0,0.6142857142857143,0.028571428571428567,0.057142857142857134,0.014285714285714284,0.014285714285714284,0.5714285714285714,0.0,,,,,,,,,,,,,,,,,,,,,,,,,0.0,70.0,rather dumb question of course he is,rather duuuuumb question of course he is
2017-03-16 16:26:48.601+00,54.0,5006955.0,319392.0,approved,0.0,0.0,0.0,0.0,0.0,0.9,0.0,0.4,0.0,0.0,0.6,0.0,,,,,,,,,,,,,,,,,,,,,,,,,0.0,10.0,there should be a stupid option,there should be a Stuuupidd option
2017-03-16 16:26:48.601+00,54.0,5006955.0,319392.0,approved,0.0,0.0,0.0,0.0,0.0,0.9,0.0,0.4,0.0,0.0,0.6,0.0,,,,,,,,,,,,,,,,,,,,,,,,,0.0,10.0,there should be a stupid option,there should be a stupiddddd option
2017-03-16 16:26:48.601+00,54.0,5006955.0,319392.0,approved,0.0,0.0,0.0,0.0,0.0,0.9,0.0,0.4,0.0,0.0,0.6,0.0,,,,,,,,,,,,,,,,,,,,,,,,,0.0,10.0,there should be a stupid option,there should be a stpd option
2017-01-07 20:13:16.928116+00,21.0,806253.0,160638.0,approved,3.0,0.0,0.0,0.0,0.0,0.7638888888888888,0.06944444444444445,0.7916666666666666,0.013888888888888888,0.0,0.3055555555555556,0.0,,,,,,,,,,,,,,,,,,,,,,,,,0.0,72.0,ensure damn auto spell,ensure DAAAMMNN auto spell
2017-01-07 20:13:16.928116+00,21.0,806253.0,160638.0,approved,3.0,0.0,0.0,0.0,0.0,0.7638888888888888,0.06944444444444445,0.7916666666666666,0.013888888888888888,0.0,0.3055555555555556,0.0,,,,,,,,,,,,,,,,,,,,,,,,,0.0,72.0,ensure damn auto spell,ensure Damnnnn auto spell
2017-01-07 20:13:16.928116+00,21.0,806253.0,160638.0,approved,3.0,0.0,0.0,0.0,0.0,0.7638888888888888,0.06944444444444445,0.7916666666666666,0.013888888888888888,0.0,0.3055555555555556,0.0,,,,,,,,,,,,,,,,,,,,,,,,,0.0,72.0,ensure damn auto spell,ensure Dammnnn auto spell
2017-10-18 14:22:43.494118+00,21.0,6170033.0,390491.0,rejected,0.0,0.0,0.0,0.0,0.0,0.8769230769230769,0.07692307692307693,0.38461538461538464,0.2769230769230769,0.0,0.8307692307692307,0.015384615384615384,,,,,,,,,,,,,,,,,,,,,,,,,0.0,65.0,you sir is a ass,you sir is a AS
2017-10-18 14:22:43.494118+00,21.0,6170033.0,390491.0,rejected,0.0,0.0,0.0,0.0,0.0,0.8769230769230769,0.07692307692307693,0.38461538461538464,0.2769230769230769,0.0,0.8307692307692307,0.015384615384615384,,,,,,,,,,,,,,,,,,,,,,,,,0.0,65.0,you sir is a ass,you sir is a assssss
2017-10-18 14:22:43.494118+00,21.0,6170033.0,390491.0,rejected,0.0,0.0,0.0,0.0,0.0,0.8769230769230769,0.07692307692307693,0.38461538461538464,0.2769230769230769,0.0,0.8307692307692307,0.015384615384615384,,,,,,,,,,,,,,,,,,,,,,,,,0.0,65.0,you sir is a ass,you sir is a asssssss
2017-05-10 05:17:09.216668+00,21.0,5236729.0,333290.0,rejected,0.0,0.0,0.0,0.0,0.0,0.7272727272727274,0.030303030303030307,0.045454545454545456,0.0,0.015151515151515154,0.696969696969697,0.0,,,,,,,,,,,,,,,,,,,,,,,,,0.0,66.0,your on a dumb roll,your on a DUMBBBB roll
2017-05-10 05:17:09.216668+00,21.0,5236729.0,333290.0,rejected,0.0,0.0,0.0,0.0,0.0,0.7272727272727274,0.030303030303030307,0.045454545454545456,0.0,0.015151515151515154,0.696969696969697,0.0,,,,,,,,,,,,,,,,,,,,,,,,,0.0,66.0,your on a dumb roll,your on a duuuuumb roll
2017-10-02 13:20:50.546337+00,53.0,6064118.0,383920.0,approved,1.0,0.0,0.0,0.0,0.0,0.525,0.0125,0.025,0.625,0.0,0.125,0.0,,,,,,,,,,,,,,,,,,,,,,,,,0.0,80.0,the only way he could know for sure would be if he had sex with them himself,the only way he could know for sure would be if he had SEEEX with them himself
2017-10-02 13:20:50.546337+00,53.0,6064118.0,383920.0,approved,1.0,0.0,0.0,0.0,0.0,0.525,0.0125,0.025,0.625,0.0,0.125,0.0,,,,,,,,,,,,,,,,,,,,,,,,,0.0,80.0,the only way he could know for sure would be if he had sex with them himself,the only way he could know for sure would be if he had seex with them himself
2017-10-02 13:20:50.546337+00,53.0,6064118.0,383920.0,approved,1.0,0.0,0.0,0.0,0.0,0.525,0.0125,0.025,0.625,0.0,0.125,0.0,,,,,,,,,,,,,,,,,,,,,,,,,0.0,80.0,the only way he could know for sure would be if he had sex with them himself,the only way he could know for sure would be if he had SEXXXX with them himself
2017-10-20 01:44:33.136072+00,55.0,6183345.0,390948.0,approved,1.0,0.0,0.0,1.0,0.0,0.6714285714285714,0.014285714285714284,0.14285714285714285,0.0,0.0,0.6714285714285714,0.014285714285714284,,,,,,,,,,,,,,,,,,,,,,,,,0.0,70.0,they should make sword pay it back for making such a stupid deal to begin with,they should make sword pay it back for making such a STUPIDDDDD deal to begin with
2017-10-20 01:44:33.136072+00,55.0,6183345.0,390948.0,approved,1.0,0.0,0.0,1.0,0.0,0.6714285714285714,0.014285714285714284,0.14285714285714285,0.0,0.0,0.6714285714285714,0.014285714285714284,,,,,,,,,,,,,,,,,,,,,,,,,0.0,70.0,they should make sword pay it back for making such a stupid deal to begin with,they should make sword pay it back for making such a Stuuupidd deal to begin with
2017-10-20 01:44:33.136072+00,55.0,6183345.0,390948.0,approved,1.0,0.0,0.0,1.0,0.0,0.6714285714285714,0.014285714285714284,0.14285714285714285,0.0,0.0,0.6714285714285714,0.014285714285714284,,,,,,,,,,,,,,,,,,,,,,,,,0.0,70.0,they should make sword pay it back for making such a stupid deal to begin with,they should make sword pay it back for making such a stupiddddd deal to begin with
2017-08-21 05:02:50.395251+00,54.0,,368785.0,rejected,0.0,0.0,0.0,0.0,0.0,0.8714285714285714,0.12857142857142856,0.6,0.6285714285714286,0.2857142857142857,0.5857142857142859,0.0,,,,,,,,,,,,,,,,,,,,,,,,,0.0,70.0,the us can suck my teat,the us can suckkkkk my teat
2017-08-21 05:02:50.395251+00,54.0,,368785.0,rejected,0.0,0.0,0.0,0.0,0.0,0.8714285714285714,0.12857142857142856,0.6,0.6285714285714286,0.2857142857142857,0.5857142857142859,0.0,,,,,,,,,,,,,,,,,,,,,,,,,0.0,70.0,the us can suck my teat,the us can suuuuuuck my teat
2017-08-21 05:02:50.395251+00,54.0,,368785.0,rejected,0.0,0.0,0.0,0.0,0.0,0.8714285714285714,0.12857142857142856,0.6,0.6285714285714286,0.2857142857142857,0.5857142857142859,0.0,,,,,,,,,,,,,,,,,,,,,,,,,0.0,70.0,the us can suck my teat,the us can sUUck my teat
2017-10-22 22:13:32.964999+00,54.0,6181651.0,390548.0,rejected,0.0,0.0,0.0,0.0,0.0,0.8648648648648649,0.0,0.027027027027027032,0.0,0.0,0.8648648648648649,0.0,,,,,,,,,,,,,,,,,,,,,,,,,0.0,37.0,stop talking dumb,stop talking DUMBBBB
2017-10-22 22:13:32.964999+00,54.0,6181651.0,390548.0,rejected,0.0,0.0,0.0,0.0,0.0,0.8648648648648649,0.0,0.027027027027027032,0.0,0.0,0.8648648648648649,0.0,,,,,,,,,,,,,,,,,,,,,,,,,0.0,37.0,stop talking dumb,stop talking duuuuumb
2016-10-04 15:23:55.736108+00,13.0,505868.0,147508.0,rejected,0.0,0.0,0.0,0.0,0.0,0.5714285714285714,0.07142857142857144,0.3428571428571429,0.3,0.028571428571428567,0.32857142857142857,0.014285714285714284,,,,,,,,,,,,,,,,,,,,,,,,,0.0,70.0,poor genetics suck even more,poor genetics SUUCK even more
2016-10-04 15:23:55.736108+00,13.0,505868.0,147508.0,rejected,0.0,0.0,0.0,0.0,0.0,0.5714285714285714,0.07142857142857144,0.3428571428571429,0.3,0.028571428571428567,0.32857142857142857,0.014285714285714284,,,,,,,,,,,,,,,,,,,,,,,,,0.0,70.0,poor genetics suck even more,poor genetics suckkkk even more
2016-10-04 15:23:55.736108+00,13.0,505868.0,147508.0,rejected,0.0,0.0,0.0,0.0,0.0,0.5714285714285714,0.07142857142857144,0.3428571428571429,0.3,0.028571428571428567,0.32857142857142857,0.014285714285714284,,,,,,,,,,,,,,,,,,,,,,,,,0.0,70.0,poor genetics suck even more,poor genetics suuuck even more
2016-10-16 08:32:45.287879+00,21.0,531114.0,148613.0,approved,0.0,0.0,0.0,1.0,0.0,0.8666666666666667,0.016666666666666666,0.16666666666666666,0.0,0.0,0.8,0.0,,,,,,,,,,,,,,,,,,,,,,,,,0.0,60.0,its not that hard to make you look stupid,its not that hard to make you look stupiddddd
2016-10-16 08:32:45.287879+00,21.0,531114.0,148613.0,approved,0.0,0.0,0.0,1.0,0.0,0.8666666666666667,0.016666666666666666,0.16666666666666666,0.0,0.0,0.8,0.0,,,,,,,,,,,,,,,,,,,,,,,,,0.0,60.0,its not that hard to make you look stupid,its not that hard to make you look stpd
2016-10-16 08:32:45.287879+00,21.0,531114.0,148613.0,approved,0.0,0.0,0.0,1.0,0.0,0.8666666666666667,0.016666666666666666,0.16666666666666666,0.0,0.0,0.8,0.0,,,,,,,,,,,,,,,,,,,,,,,,,0.0,60.0,its not that hard to make you look stupid,its not that hard to make you look STUPIDDDDD
2017-09-25 20:07:50.532884+00,54.0,6019620.0,381679.0,rejected,0.0,0.0,0.0,0.0,0.0,0.8979591836734694,0.0,0.12244897959183673,0.0,0.0,0.8979591836734694,0.0,,,,,,,,,,,,,,,,,,,,,,,,,0.0,49.0,your post is stupid please reread,your post is Stuuupidd please reread
2017-09-25 20:07:50.532884+00,54.0,6019620.0,381679.0,rejected,0.0,0.0,0.0,0.0,0.0,0.8979591836734694,0.0,0.12244897959183673,0.0,0.0,0.8979591836734694,0.0,,,,,,,,,,,,,,,,,,,,,,,,,0.0,49.0,your post is stupid please reread,your post is stupiddddd please reread
2017-09-25 20:07:50.532884+00,54.0,6019620.0,381679.0,rejected,0.0,0.0,0.0,0.0,0.0,0.8979591836734694,0.0,0.12244897959183673,0.0,0.0,0.8979591836734694,0.0,,,,,,,,,,,,,,,,,,,,,,,,,0.0,49.0,your post is stupid please reread,your post is stpd please reread
2017-10-14 05:20:37.302822+00,54.0,6144721.0,388910.0,rejected,0.0,0.0,0.0,0.0,0.0,0.8636363636363635,0.0,0.06818181818181818,0.022727272727272728,0.022727272727272728,0.8863636363636364,0.022727272727272728,,,,,,,,,,,,,,,,,,,,,,,,,0.0,44.0,do you work at being so stupid or does it come natural,do you work at being so STUPIDDDDD or does it come natural
2017-10-14 05:20:37.302822+00,54.0,6144721.0,388910.0,rejected,0.0,0.0,0.0,0.0,0.0,0.8636363636363635,0.0,0.06818181818181818,0.022727272727272728,0.022727272727272728,0.8863636363636364,0.022727272727272728,,,,,,,,,,,,,,,,,,,,,,,,,0.0,44.0,do you work at being so stupid or does it come natural,do you work at being so Stuuupidd or does it come natural
2017-10-14 05:20:37.302822+00,54.0,6144721.0,388910.0,rejected,0.0,0.0,0.0,0.0,0.0,0.8636363636363635,0.0,0.06818181818181818,0.022727272727272728,0.022727272727272728,0.8863636363636364,0.022727272727272728,,,,,,,,,,,,,,,,,,,,,,,,,0.0,44.0,do you work at being so stupid or does it come natural,do you work at being so stupiddddd or does it come natural
2017-06-26 22:34:53.405958+00,21.0,,348856.0,approved,0.0,0.0,0.0,0.0,0.0,0.8888888888888888,0.037037037037037035,0.1111111111111111,0.0,0.037037037037037035,0.8888888888888888,0.0,,,,,,,,,,,,,,,,,,,,,,,,,0.0,54.0,trump is a pig,trump is a PIGGG
2017-08-26 16:26:24.859405+00,55.0,,370913.0,rejected,0.0,0.0,0.0,0.0,0.0,0.7096774193548387,0.03225806451612903,0.12903225806451613,0.03225806451612903,0.0,0.6451612903225806,0.0,,,,,,,,,,,,,,,,,,,,,,,,,0.0,62.0,nothing more to say at this point in time except they all suck,nothing more to say at this point in time except they all suckkkkk
2017-08-26 16:26:24.859405+00,55.0,,370913.0,rejected,0.0,0.0,0.0,0.0,0.0,0.7096774193548387,0.03225806451612903,0.12903225806451613,0.03225806451612903,0.0,0.6451612903225806,0.0,,,,,,,,,,,,,,,,,,,,,,,,,0.0,62.0,nothing more to say at this point in time except they all suck,nothing more to say at this point in time except they all suuuuuuck
2017-08-26 16:26:24.859405+00,55.0,,370913.0,rejected,0.0,0.0,0.0,0.0,0.0,0.7096774193548387,0.03225806451612903,0.12903225806451613,0.03225806451612903,0.0,0.6451612903225806,0.0,,,,,,,,,,,,,,,,,,,,,,,,,0.0,62.0,nothing more to say at this point in time except they all suck,nothing more to say at this point in time except they all sUUck
2017-05-27 15:22:24.386550+00,102.0,,338078.0,approved,0.0,0.0,0.0,0.0,0.0,0.8333333333333333,0.0,0.8333333333333333,0.0,0.0,0.16666666666666666,0.0,,,,,,,,,,,,,,,,,,,,,,,,,0.0,6.0,damn got to revert back to cash only,daaammn got to revert back to cash only
2017-05-27 15:22:24.386550+00,102.0,,338078.0,approved,0.0,0.0,0.0,0.0,0.0,0.8333333333333333,0.0,0.8333333333333333,0.0,0.0,0.16666666666666666,0.0,,,,,,,,,,,,,,,,,,,,,,,,,0.0,6.0,damn got to revert back to cash only,daaaaaamn got to revert back to cash only
2017-05-27 15:22:24.386550+00,102.0,,338078.0,approved,0.0,0.0,0.0,0.0,0.0,0.8333333333333333,0.0,0.8333333333333333,0.0,0.0,0.16666666666666666,0.0,,,,,,,,,,,,,,,,,,,,,,,,,0.0,6.0,damn got to revert back to cash only,daaaamn got to revert back to cash only
2017-10-03 00:14:08.467368+00,102.0,6071398.0,384287.0,approved,0.0,0.0,2.0,0.0,0.0,0.8909090909090909,0.0,0.12727272727272726,0.0,0.0,0.8727272727272726,0.0,,,,,,,,,,,,,,,,,,,,,,,,,0.0,55.0,stupid answer typical of you,stpd answer typical of you
2017-10-03 00:14:08.467368+00,102.0,6071398.0,384287.0,approved,0.0,0.0,2.0,0.0,0.0,0.8909090909090909,0.0,0.12727272727272726,0.0,0.0,0.8727272727272726,0.0,,,,,,,,,,,,,,,,,,,,,,,,,0.0,55.0,stupid answer typical of you,STUPIDDDDD answer typical of you
2017-10-03 00:14:08.467368+00,102.0,6071398.0,384287.0,approved,0.0,0.0,2.0,0.0,0.0,0.8909090909090909,0.0,0.12727272727272726,0.0,0.0,0.8727272727272726,0.0,,,,,,,,,,,,,,,,,,,,,,,,,0.0,55.0,stupid answer typical of you,Stuuupidd answer typical of you
2017-11-04 19:21:53.205473+00,102.0,6289487.0,396997.0,approved,0.0,0.0,0.0,0.0,2.0,0.5263157894736842,0.0,0.13157894736842105,0.0,0.0,0.5263157894736842,0.0,,,,,,,,,,,,,,,,,,,,,,,,,0.0,76.0,stupid question whats the source for anything thats made up why do you think it was made up,stupiddddd question whats the source for anything thats made up why do you think it was made up
2017-11-04 19:21:53.205473+00,102.0,6289487.0,396997.0,approved,0.0,0.0,0.0,0.0,2.0,0.5263157894736842,0.0,0.13157894736842105,0.0,0.0,0.5263157894736842,0.0,,,,,,,,,,,,,,,,,,,,,,,,,0.0,76.0,stupid question whats the source for anything thats made up why do you think it was made up,stpd question whats the source for anything thats made up why do you think it was made up
2017-11-04 19:21:53.205473+00,102.0,6289487.0,396997.0,approved,0.0,0.0,0.0,0.0,2.0,0.5263157894736842,0.0,0.13157894736842105,0.0,0.0,0.5263157894736842,0.0,,,,,,,,,,,,,,,,,,,,,,,,,0.0,76.0,stupid question whats the source for anything thats made up why do you think it was made up,STUPIDDDDD question whats the source for anything thats made up why do you think it was made up
2017-01-18 15:06:10.459460+00,13.0,856719.0,162229.0,approved,0.0,0.0,0.0,0.0,0.0,0.7301587301587301,0.0,0.09523809523809523,0.0,0.0,0.6825396825396826,0.0,,,,,,,,,,,,,,,,,,,,,,,,,0.0,63.0,jay thank you for agreeing with me that your statement is dumb,jay thank you for agreeing with me that your statement is DUMBBBB
2017-01-18 15:06:10.459460+00,13.0,856719.0,162229.0,approved,0.0,0.0,0.0,0.0,0.0,0.7301587301587301,0.0,0.09523809523809523,0.0,0.0,0.6825396825396826,0.0,,,,,,,,,,,,,,,,,,,,,,,,,0.0,63.0,jay thank you for agreeing with me that your statement is dumb,jay thank you for agreeing with me that your statement is duuuuumb
2017-03-23 01:08:16.498760+00,54.0,5037744.0,321185.0,rejected,0.0,0.0,0.0,0.0,0.0,0.7538461538461538,0.030769230769230767,0.5538461538461538,0.6307692307692307,0.0,0.13846153846153847,0.0,,,,,,,,,,,,,,,,,,,,,,,,,0.0,65.0,suck up much,SUUCK up much
2017-03-23 01:08:16.498760+00,54.0,5037744.0,321185.0,rejected,0.0,0.0,0.0,0.0,0.0,0.7538461538461538,0.030769230769230767,0.5538461538461538,0.6307692307692307,0.0,0.13846153846153847,0.0,,,,,,,,,,,,,,,,,,,,,,,,,0.0,65.0,suck up much,suckkkk up much
2017-03-23 01:08:16.498760+00,54.0,5037744.0,321185.0,rejected,0.0,0.0,0.0,0.0,0.0,0.7538461538461538,0.030769230769230767,0.5538461538461538,0.6307692307692307,0.0,0.13846153846153847,0.0,,,,,,,,,,,,,,,,,,,,,,,,,0.0,65.0,suck up much,suuuck up much
2016-12-02 22:31:26.736582+00,54.0,,154249.0,approved,0.0,0.0,0.0,0.0,0.0,0.9,0.0,0.12,0.0,0.0,0.9,0.0,,,,,,,,,,,,,,,,,,,,,,,,,0.0,50.0,thats one stupid dictator,thats one Stuuupidd dictator
2016-12-02 22:31:26.736582+00,54.0,,154249.0,approved,0.0,0.0,0.0,0.0,0.0,0.9,0.0,0.12,0.0,0.0,0.9,0.0,,,,,,,,,,,,,,,,,,,,,,,,,0.0,50.0,thats one stupid dictator,thats one stupiddddd dictator
2016-12-02 22:31:26.736582+00,54.0,,154249.0,approved,0.0,0.0,0.0,0.0,0.0,0.9,0.0,0.12,0.0,0.0,0.9,0.0,,,,,,,,,,,,,,,,,,,,,,,,,0.0,50.0,thats one stupid dictator,thats one stpd dictator
2017-06-20 21:42:24.493052+00,102.0,,346580.0,approved,0.0,0.0,0.0,1.0,0.0,0.8235294117647058,0.014705882352941175,0.1323529411764706,0.0,0.0,0.7941176470588234,0.0,,,,,,,,,,,,,,,,,,,,,,,,,0.0,68.0,you cant fix stupid you can only vote it out of power,you cant fix STUPIDDDDD you can only vote it out of power
2017-06-20 21:42:24.493052+00,102.0,,346580.0,approved,0.0,0.0,0.0,1.0,0.0,0.8235294117647058,0.014705882352941175,0.1323529411764706,0.0,0.0,0.7941176470588234,0.0,,,,,,,,,,,,,,,,,,,,,,,,,0.0,68.0,you cant fix stupid you can only vote it out of power,you cant fix Stuuupidd you can only vote it out of power
2017-06-20 21:42:24.493052+00,102.0,,346580.0,approved,0.0,0.0,0.0,1.0,0.0,0.8235294117647058,0.014705882352941175,0.1323529411764706,0.0,0.0,0.7941176470588234,0.0,,,,,,,,,,,,,,,,,,,,,,,,,0.0,68.0,you cant fix stupid you can only vote it out of power,you cant fix stupiddddd you can only vote it out of power
2016-10-12 14:58:51.173605+00,21.0,,148269.0,approved,0.0,0.0,0.0,0.0,0.0,0.7536231884057971,0.07246376811594203,0.014492753623188406,0.014492753623188406,0.0,0.07246376811594203,0.7101449275362319,,,,,,,,,,,,,,,,,,,,,,,,,0.0,69.0,nip this one in the bud shoot him,nip this one in the bud shìt him
2016-10-12 14:58:51.173605+00,21.0,,148269.0,approved,0.0,0.0,0.0,0.0,0.0,0.7536231884057971,0.07246376811594203,0.014492753623188406,0.014492753623188406,0.0,0.07246376811594203,0.7101449275362319,,,,,,,,,,,,,,,,,,,,,,,,,0.0,69.0,nip this one in the bud shoot him,nip this one in the bud shOT him
2016-10-12 14:58:51.173605+00,21.0,,148269.0,approved,0.0,0.0,0.0,0.0,0.0,0.7536231884057971,0.07246376811594203,0.014492753623188406,0.014492753623188406,0.0,0.07246376811594203,0.7101449275362319,,,,,,,,,,,,,,,,,,,,,,,,,0.0,69.0,nip this one in the bud shoot him,nip this one in the bud shït him
2017-09-11 17:22:07.075122+00,102.0,,376474.0,approved,1.0,0.0,0.0,5.0,0.0,0.8775510204081632,0.061224489795918366,0.1020408163265306,0.0,0.0,0.8571428571428571,0.0,,,,,,,,,,,,,,,,,,,,,,,,,0.0,49.0,the eclipse sure brought out the stupid in people,the eclipse sure brought out the stpd in people
2017-09-11 17:22:07.075122+00,102.0,,376474.0,approved,1.0,0.0,0.0,5.0,0.0,0.8775510204081632,0.061224489795918366,0.1020408163265306,0.0,0.0,0.8571428571428571,0.0,,,,,,,,,,,,,,,,,,,,,,,,,0.0,49.0,the eclipse sure brought out the stupid in people,the eclipse sure brought out the STUPIDDDDD in people
2017-09-11 17:22:07.075122+00,102.0,,376474.0,approved,1.0,0.0,0.0,5.0,0.0,0.8775510204081632,0.061224489795918366,0.1020408163265306,0.0,0.0,0.8571428571428571,0.0,,,,,,,,,,,,,,,,,,,,,,,,,0.0,49.0,the eclipse sure brought out the stupid in people,the eclipse sure brought out the Stuuupidd in people
2017-08-23 17:34:18.893633+00,13.0,,369772.0,approved,1.0,1.0,2.0,2.0,1.0,0.8115942028985507,0.0,0.14492753623188406,0.0,0.0,0.6811594202898551,0.0,,,,,,,,,,,,,,,,,,,,,,,,,0.0,69.0,end this stupid law,end this stupiddddd law
2017-08-23 17:34:18.893633+00,13.0,,369772.0,approved,1.0,1.0,2.0,2.0,1.0,0.8115942028985507,0.0,0.14492753623188406,0.0,0.0,0.6811594202898551,0.0,,,,,,,,,,,,,,,,,,,,,,,,,0.0,69.0,end this stupid law,end this stpd law
2017-08-23 17:34:18.893633+00,13.0,,369772.0,approved,1.0,1.0,2.0,2.0,1.0,0.8115942028985507,0.0,0.14492753623188406,0.0,0.0,0.6811594202898551,0.0,,,,,,,,,,,,,,,,,,,,,,,,,0.0,69.0,end this stupid law,end this STUPIDDDDD law
2017-09-10 00:05:21.333539+00,105.0,,375886.0,approved,0.0,0.0,0.0,0.0,0.0,0.7272727272727274,0.030303030303030307,0.12121212121212124,0.0,0.16666666666666666,0.7575757575757573,0.0,,,,,,,,,,,,,,,,,,,,,,,,,0.0,66.0,no stupid republican would dare to primary trump,no Stuuupidd republican would dare to primary trump
2017-09-10 00:05:21.333539+00,105.0,,375886.0,approved,0.0,0.0,0.0,0.0,0.0,0.7272727272727274,0.030303030303030307,0.12121212121212124,0.0,0.16666666666666666,0.7575757575757573,0.0,,,,,,,,,,,,,,,,,,,,,,,,,0.0,66.0,no stupid republican would dare to primary trump,no stupiddddd republican would dare to primary trump
2017-09-10 00:05:21.333539+00,105.0,,375886.0,approved,0.0,0.0,0.0,0.0,0.0,0.7272727272727274,0.030303030303030307,0.12121212121212124,0.0,0.16666666666666666,0.7575757575757573,0.0,,,,,,,,,,,,,,,,,,,,,,,,,0.0,66.0,no stupid republican would dare to primary trump,no stpd republican would dare to primary trump
2016-07-19 18:49:42.037569+00,21.0,393206.0,141721.0,rejected,0.0,0.0,0.0,1.0,0.0,0.8936170212765957,0.021276595744680847,0.1276595744680851,0.0,0.0,0.8936170212765957,0.0,,,,,,,,,,,,,,,,,,,,,,,,,0.0,47.0,dean does your head hurt when you think up stupid s like that,dean does your head hurt when you think up STUPIDDDDD s like that
2016-07-19 18:49:42.037569+00,21.0,393206.0,141721.0,rejected,0.0,0.0,0.0,1.0,0.0,0.8936170212765957,0.021276595744680847,0.1276595744680851,0.0,0.0,0.8936170212765957,0.0,,,,,,,,,,,,,,,,,,,,,,,,,0.0,47.0,dean does your head hurt when you think up stupid s like that,dean does your head hurt when you think up Stuuupidd s like that
2016-07-19 18:49:42.037569+00,21.0,393206.0,141721.0,rejected,0.0,0.0,0.0,1.0,0.0,0.8936170212765957,0.021276595744680847,0.1276595744680851,0.0,0.0,0.8936170212765957,0.0,,,,,,,,,,,,,,,,,,,,,,,,,0.0,47.0,dean does your head hurt when you think up stupid s like that,dean does your head hurt when you think up stupiddddd s like that
2016-10-04 06:43:06.415370+00,21.0,,147463.0,approved,0.0,0.0,0.0,0.0,0.0,0.8548387096774194,0.016129032258064516,0.14516129032258066,0.04838709677419355,0.0,0.8387096774193549,0.0,,,,,,,,,,,,,,,,,,,,,,,,,0.0,62.0,the both suck,the both suckkkkk
2016-10-04 06:43:06.415370+00,21.0,,147463.0,approved,0.0,0.0,0.0,0.0,0.0,0.8548387096774194,0.016129032258064516,0.14516129032258066,0.04838709677419355,0.0,0.8387096774193549,0.0,,,,,,,,,,,,,,,,,,,,,,,,,0.0,62.0,the both suck,the both suuuuuuck
2016-10-04 06:43:06.415370+00,21.0,,147463.0,approved,0.0,0.0,0.0,0.0,0.0,0.8548387096774194,0.016129032258064516,0.14516129032258066,0.04838709677419355,0.0,0.8387096774193549,0.0,,,,,,,,,,,,,,,,,,,,,,,,,0.0,62.0,the both suck,the both sUUck
2017-04-23 23:12:40.908526+00,54.0,5169456.0,329092.0,rejected,0.0,0.0,0.0,0.0,0.0,0.813953488372093,0.02325581395348837,0.02325581395348837,0.02325581395348837,0.02325581395348837,0.813953488372093,0.0,,,,,,,,,,,,,,,,,,,,,,,,,0.0,43.0,you are a nut job,you are a NUTT job
2017-04-23 23:12:40.908526+00,54.0,5169456.0,329092.0,rejected,0.0,0.0,0.0,0.0,0.0,0.813953488372093,0.02325581395348837,0.02325581395348837,0.02325581395348837,0.02325581395348837,0.813953488372093,0.0,,,,,,,,,,,,,,,,,,,,,,,,,0.0,43.0,you are a nut job,you are a nutt job
2017-04-23 23:12:40.908526+00,54.0,5169456.0,329092.0,rejected,0.0,0.0,0.0,0.0,0.0,0.813953488372093,0.02325581395348837,0.02325581395348837,0.02325581395348837,0.02325581395348837,0.813953488372093,0.0,,,,,,,,,,,,,,,,,,,,,,,,,0.0,43.0,you are a nut job,you are a Nutt job
2016-11-09 07:07:37.946327+00,21.0,585679.0,151033.0,rejected,0.0,0.0,0.0,1.0,0.0,0.7714285714285714,0.1,0.014285714285714284,0.0,0.24285714285714285,0.3714285714285713,0.6857142857142857,,,,,,,,,,,,,,,,,,,,,,,,,0.0,70.0,his morbid obesity will come back to haunt him and kill him,his morbid obesity will come back to haunt him and Kil him
2016-11-09 07:07:37.946327+00,21.0,585679.0,151033.0,rejected,0.0,0.0,0.0,1.0,0.0,0.7714285714285714,0.1,0.014285714285714284,0.0,0.24285714285714285,0.3714285714285713,0.6857142857142857,,,,,,,,,,,,,,,,,,,,,,,,,0.0,70.0,his morbid obesity will come back to haunt him and kill him,his morbid obesity will come back to haunt him and KIL him
2017-05-22 00:58:57.533921+00,55.0,,336407.0,approved,0.0,0.0,0.0,0.0,0.0,0.775,0.0875,0.725,0.0,0.0125,0.35,0.025,,,,,,,,,,,,,,,,,,,,,,,,,0.0,80.0,throw the damn towel,throw the Damnnnnn towel
2017-05-22 00:58:57.533921+00,55.0,,336407.0,approved,0.0,0.0,0.0,0.0,0.0,0.775,0.0875,0.725,0.0,0.0125,0.35,0.025,,,,,,,,,,,,,,,,,,,,,,,,,0.0,80.0,throw the damn towel,throw the damnnnn towel
2017-05-22 00:58:57.533921+00,55.0,,336407.0,approved,0.0,0.0,0.0,0.0,0.0,0.775,0.0875,0.725,0.0,0.0125,0.35,0.025,,,,,,,,,,,,,,,,,,,,,,,,,0.0,80.0,throw the damn towel,throw the Damnnnnnn towel
2017-09-15 04:14:32.336276+00,102.0,5956795.0,377864.0,rejected,0.0,0.0,0.0,0.0,0.0,0.9732228243544788,0.15970672617150145,0.007013069811922218,0.000318775900541919,0.18839655722027407,0.13802996493465094,0.9540962703219636,,,,,,,,,,,,,,,,,,,,,,,,,0.0,3137.0,kill your self communist,Kil your self communist
2017-09-15 04:14:32.336276+00,102.0,5956795.0,377864.0,rejected,0.0,0.0,0.0,0.0,0.0,0.9732228243544788,0.15970672617150145,0.007013069811922218,0.000318775900541919,0.18839655722027407,0.13802996493465094,0.9540962703219636,,,,,,,,,,,,,,,,,,,,,,,,,0.0,3137.0,kill your self communist,KIL your self communist
2017-06-28 23:55:57.765974+00,55.0,,349697.0,approved,0.0,0.0,0.0,0.0,0.0,0.8166666666666667,0.016666666666666666,0.05,0.0,0.016666666666666666,0.7833333333333333,0.0,,,,,,,,,,,,,,,,,,,,,,,,,0.0,60.0,commandment thou shalt not be stupid,commandment thou shalt not be stpd
2017-06-28 23:55:57.765974+00,55.0,,349697.0,approved,0.0,0.0,0.0,0.0,0.0,0.8166666666666667,0.016666666666666666,0.05,0.0,0.016666666666666666,0.7833333333333333,0.0,,,,,,,,,,,,,,,,,,,,,,,,,0.0,60.0,commandment thou shalt not be stupid,commandment thou shalt not be STUPIDDDDD
2017-06-28 23:55:57.765974+00,55.0,,349697.0,approved,0.0,0.0,0.0,0.0,0.0,0.8166666666666667,0.016666666666666666,0.05,0.0,0.016666666666666666,0.7833333333333333,0.0,,,,,,,,,,,,,,,,,,,,,,,,,0.0,60.0,commandment thou shalt not be stupid,commandment thou shalt not be Stuuupidd
2017-06-09 14:05:52.978410+00,102.0,,342433.0,approved,0.0,0.0,0.0,0.0,0.0,1.0,0.0,0.0,0.0,0.0,0.0,1.0,,,,,,,,,,,,,,,,,,,,,,,,,0.0,4.0,he drove his friend around town so his friend could shoot people,he drove his friend around town so his friend could SHOT people
2017-06-09 14:05:52.978410+00,102.0,,342433.0,approved,0.0,0.0,0.0,0.0,0.0,1.0,0.0,0.0,0.0,0.0,0.0,1.0,,,,,,,,,,,,,,,,,,,,,,,,,0.0,4.0,he drove his friend around town so his friend could shoot people,he drove his friend around town so his friend could shot people
2017-06-09 14:05:52.978410+00,102.0,,342433.0,approved,0.0,0.0,0.0,0.0,0.0,1.0,0.0,0.0,0.0,0.0,0.0,1.0,,,,,,,,,,,,,,,,,,,,,,,,,0.0,4.0,he drove his friend around town so his friend could shoot people,he drove his friend around town so his friend could SHoT people
2017-01-04 14:33:59.257914+00,54.0,,159969.0,approved,0.0,0.0,0.0,0.0,0.0,0.75,0.07894736842105263,0.03947368421052632,0.0,0.0,0.013157894736842105,0.7368421052631579,,,,,,,,,,,,,,,,,,,,,,,,,0.0,76.0,first step into the house will kill you,first step into the house will Kil you
2017-01-04 14:33:59.257914+00,54.0,,159969.0,approved,0.0,0.0,0.0,0.0,0.0,0.75,0.07894736842105263,0.03947368421052632,0.0,0.0,0.013157894736842105,0.7368421052631579,,,,,,,,,,,,,,,,,,,,,,,,,0.0,76.0,first step into the house will kill you,first step into the house will KIL you
2016-10-05 02:58:42.938576+00,21.0,506829.0,147620.0,approved,0.0,0.0,0.0,6.0,0.0,0.9666666666666666,0.03333333333333333,0.21666666666666667,0.0,0.0,0.9333333333333332,0.0,,,,,,,,,,,,,,,,,,,,,,,,,0.0,60.0,for those that are too stupid and irresponsible to regulate themselves,for those that are too stupiddddd and irresponsible to regulate themselves
2016-10-05 02:58:42.938576+00,21.0,506829.0,147620.0,approved,0.0,0.0,0.0,6.0,0.0,0.9666666666666666,0.03333333333333333,0.21666666666666667,0.0,0.0,0.9333333333333332,0.0,,,,,,,,,,,,,,,,,,,,,,,,,0.0,60.0,for those that are too stupid and irresponsible to regulate themselves,for those that are too stpd and irresponsible to regulate themselves
2016-10-05 02:58:42.938576+00,21.0,506829.0,147620.0,approved,0.0,0.0,0.0,6.0,0.0,0.9666666666666666,0.03333333333333333,0.21666666666666667,0.0,0.0,0.9333333333333332,0.0,,,,,,,,,,,,,,,,,,,,,,,,,0.0,60.0,for those that are too stupid and irresponsible to regulate themselves,for those that are too STUPIDDDDD and irresponsible to regulate themselves
2017-03-24 05:04:43.930917+00,55.0,,321541.0,approved,0.0,0.0,0.0,2.0,1.0,1.0,0.0,0.0,0.0,0.0,0.0,1.0,,,,,,,,,,,,,,,,,,,,,,,,,0.0,4.0,just kill rail,just Kil rail
2017-03-24 05:04:43.930917+00,55.0,,321541.0,approved,0.0,0.0,0.0,2.0,1.0,1.0,0.0,0.0,0.0,0.0,0.0,1.0,,,,,,,,,,,,,,,,,,,,,,,,,0.0,4.0,just kill rail,just KIL rail
2017-04-19 02:33:53.460227+00,54.0,,327862.0,rejected,0.0,0.0,0.0,0.0,0.0,0.7878787878787878,0.015151515151515154,0.09090909090909093,0.0,0.015151515151515154,0.7272727272727274,0.0,,,,,,,,,,,,,,,,,,,,,,,,,0.0,66.0,incredibly stupid question,incredibly Stuuupidd question
2017-04-19 02:33:53.460227+00,54.0,,327862.0,rejected,0.0,0.0,0.0,0.0,0.0,0.7878787878787878,0.015151515151515154,0.09090909090909093,0.0,0.015151515151515154,0.7272727272727274,0.0,,,,,,,,,,,,,,,,,,,,,,,,,0.0,66.0,incredibly stupid question,incredibly stupiddddd question
2017-04-19 02:33:53.460227+00,54.0,,327862.0,rejected,0.0,0.0,0.0,0.0,0.0,0.7878787878787878,0.015151515151515154,0.09090909090909093,0.0,0.015151515151515154,0.7272727272727274,0.0,,,,,,,,,,,,,,,,,,,,,,,,,0.0,66.0,incredibly stupid question,incredibly stpd question
2017-04-23 21:27:35.758618+00,21.0,,328935.0,rejected,0.0,0.0,0.0,0.0,0.0,0.7878787878787878,0.015151515151515154,0.19696969696969696,0.0,0.0,0.6363636363636364,0.0,,,,,,,,,,,,,,,,,,,,,,,,,0.0,66.0,this is a stupid problem to have,this is a STUPIDDDDD problem to have
2017-04-23 21:27:35.758618+00,21.0,,328935.0,rejected,0.0,0.0,0.0,0.0,0.0,0.7878787878787878,0.015151515151515154,0.19696969696969696,0.0,0.0,0.6363636363636364,0.0,,,,,,,,,,,,,,,,,,,,,,,,,0.0,66.0,this is a stupid problem to have,this is a Stuuupidd problem to have
2017-04-23 21:27:35.758618+00,21.0,,328935.0,rejected,0.0,0.0,0.0,0.0,0.0,0.7878787878787878,0.015151515151515154,0.19696969696969696,0.0,0.0,0.6363636363636364,0.0,,,,,,,,,,,,,,,,,,,,,,,,,0.0,66.0,this is a stupid problem to have,this is a stupiddddd problem to have
2017-06-20 17:39:42.319939+00,102.0,,346372.0,rejected,0.0,0.0,0.0,0.0,0.0,0.9730668983492616,0.14856646394439618,0.29626411815812337,0.0008688097306689834,0.024326672458731536,0.9556907037358818,0.13032145960034752,,,,,,,,,,,,,,,,,,,,,,,,,0.0,1151.0,you are too stupid to live,you are too stpd to live
2017-06-20 17:39:42.319939+00,102.0,,346372.0,rejected,0.0,0.0,0.0,0.0,0.0,0.9730668983492616,0.14856646394439618,0.29626411815812337,0.0008688097306689834,0.024326672458731536,0.9556907037358818,0.13032145960034752,,,,,,,,,,,,,,,,,,,,,,,,,0.0,1151.0,you are too stupid to live,you are too STUPIDDDDD to live
2017-06-20 17:39:42.319939+00,102.0,,346372.0,rejected,0.0,0.0,0.0,0.0,0.0,0.9730668983492616,0.14856646394439618,0.29626411815812337,0.0008688097306689834,0.024326672458731536,0.9556907037358818,0.13032145960034752,,,,,,,,,,,,,,,,,,,,,,,,,0.0,1151.0,you are too stupid to live,you are too Stuuupidd to live
2017-07-11 16:02:38.460082+00,55.0,,354071.0,rejected,0.0,0.0,0.0,0.0,0.0,0.9433962264150944,0.22641509433962265,0.0,0.0,0.0,0.018867924528301886,0.9245283018867924,,,,,,,,,,,,,,,,,,,,,,,,,0.0,53.0,what are we waiting for kill him,what are we waiting for Kil him
2017-07-11 16:02:38.460082+00,55.0,,354071.0,rejected,0.0,0.0,0.0,0.0,0.0,0.9433962264150944,0.22641509433962265,0.0,0.0,0.0,0.018867924528301886,0.9245283018867924,,,,,,,,,,,,,,,,,,,,,,,,,0.0,53.0,what are we waiting for kill him,what are we waiting for KIL him
2016-10-27 14:56:59.021937+00,54.0,556471.0,149754.0,approved,0.0,0.0,0.0,1.0,0.0,0.7272727272727274,0.045454545454545456,0.07575757575757576,0.015151515151515154,0.0,0.7575757575757573,0.015151515151515154,,,,,,,,,,,,,,,,,,,,,,,,,0.0,66.0,to think this is job creation is really stupid pal,to think this is job creation is really stupiddddd pal
2016-10-27 14:56:59.021937+00,54.0,556471.0,149754.0,approved,0.0,0.0,0.0,1.0,0.0,0.7272727272727274,0.045454545454545456,0.07575757575757576,0.015151515151515154,0.0,0.7575757575757573,0.015151515151515154,,,,,,,,,,,,,,,,,,,,,,,,,0.0,66.0,to think this is job creation is really stupid pal,to think this is job creation is really stpd pal
2016-10-27 14:56:59.021937+00,54.0,556471.0,149754.0,approved,0.0,0.0,0.0,1.0,0.0,0.7272727272727274,0.045454545454545456,0.07575757575757576,0.015151515151515154,0.0,0.7575757575757573,0.015151515151515154,,,,,,,,,,,,,,,,,,,,,,,,,0.0,66.0,to think this is job creation is really stupid pal,to think this is job creation is really STUPIDDDDD pal
2016-09-22 10:04:54.414775+00,13.0,485701.0,146419.0,approved,0.0,0.0,0.0,1.0,0.0,0.9107142857142856,0.0,0.23214285714285715,0.0,0.0,0.9107142857142856,0.0,,,,,,,,,,,,,,,,,,,,,,,,,0.0,56.0,like you say you cant be that stupid i think youve proven otherwise,like you say you cant be that Stuuupidd i think youve proven otherwise
2016-09-22 10:04:54.414775+00,13.0,485701.0,146419.0,approved,0.0,0.0,0.0,1.0,0.0,0.9107142857142856,0.0,0.23214285714285715,0.0,0.0,0.9107142857142856,0.0,,,,,,,,,,,,,,,,,,,,,,,,,0.0,56.0,like you say you cant be that stupid i think youve proven otherwise,like you say you cant be that stupiddddd i think youve proven otherwise
2016-09-22 10:04:54.414775+00,13.0,485701.0,146419.0,approved,0.0,0.0,0.0,1.0,0.0,0.9107142857142856,0.0,0.23214285714285715,0.0,0.0,0.9107142857142856,0.0,,,,,,,,,,,,,,,,,,,,,,,,,0.0,56.0,like you say you cant be that stupid i think youve proven otherwise,like you say you cant be that stpd i think youve proven otherwise
2017-01-13 05:01:58.635444+00,54.0,824606.0,161235.0,approved,0.0,0.0,0.0,0.0,0.0,0.5135135135135135,0.013513513513513514,0.027027027027027032,0.013513513513513514,0.013513513513513514,0.3783783783783784,0.10810810810810813,,,,,,,,,,,,,,,,,,,,,,,,,0.0,74.0,let him vomit on you and then tell us,Lett him vomit on you and then tell us
2017-08-23 17:46:57.631072+00,105.0,,369737.0,approved,0.0,0.0,0.0,1.0,0.0,0.8333333333333333,0.0,0.7222222222222222,0.6666666666666666,0.0,0.25,0.027777777777777776,,,,,,,,,,,,,,,,,,,,,,,,,0.0,72.0,dont let the door hit you in the ass,dont let the door hit you in the aS
2017-08-23 17:46:57.631072+00,105.0,,369737.0,approved,0.0,0.0,0.0,1.0,0.0,0.8333333333333333,0.0,0.7222222222222222,0.6666666666666666,0.0,0.25,0.027777777777777776,,,,,,,,,,,,,,,,,,,,,,,,,0.0,72.0,dont let the door hit you in the ass,dont let the door hit you in the ASSSSSSS
2017-08-23 17:46:57.631072+00,105.0,,369737.0,approved,0.0,0.0,0.0,1.0,0.0,0.8333333333333333,0.0,0.7222222222222222,0.6666666666666666,0.0,0.25,0.027777777777777776,,,,,,,,,,,,,,,,,,,,,,,,,0.0,72.0,dont let the door hit you in the ass,dont let the door hit you in the assss
2017-07-08 13:38:15.174027+00,102.0,5546288.0,352721.0,approved,0.0,0.0,0.0,1.0,0.0,0.7575757575757573,0.0,0.060606060606060615,0.015151515151515154,0.0,0.7575757575757573,0.0,,,,,,,,,,,,,,,,,,,,,,,,,0.0,66.0,seriously how dumb do you have to be to believe what you wrote,seriously how DUMBBBB do you have to be to believe what you wrote
2017-07-08 13:38:15.174027+00,102.0,5546288.0,352721.0,approved,0.0,0.0,0.0,1.0,0.0,0.7575757575757573,0.0,0.060606060606060615,0.015151515151515154,0.0,0.7575757575757573,0.0,,,,,,,,,,,,,,,,,,,,,,,,,0.0,66.0,seriously how dumb do you have to be to believe what you wrote,seriously how duuuuumb do you have to be to believe what you wrote
2016-05-27 16:45:20.864907+00,21.0,,137539.0,approved,0.0,0.0,0.0,5.0,0.0,0.9387755102040816,0.040816326530612235,0.14285714285714285,0.0,0.061224489795918366,0.8979591836734694,0.0,,,,,,,,,,,,,,,,,,,,,,,,,0.0,49.0,just how stupid is trump,just how STUPIDDDDD is trump
2016-05-27 16:45:20.864907+00,21.0,,137539.0,approved,0.0,0.0,0.0,5.0,0.0,0.9387755102040816,0.040816326530612235,0.14285714285714285,0.0,0.061224489795918366,0.8979591836734694,0.0,,,,,,,,,,,,,,,,,,,,,,,,,0.0,49.0,just how stupid is trump,just how Stuuupidd is trump
2016-05-27 16:45:20.864907+00,21.0,,137539.0,approved,0.0,0.0,0.0,5.0,0.0,0.9387755102040816,0.040816326530612235,0.14285714285714285,0.0,0.061224489795918366,0.8979591836734694,0.0,,,,,,,,,,,,,,,,,,,,,,,,,0.0,49.0,just how stupid is trump,just how stupiddddd is trump
2017-06-11 19:36:41.251945+00,102.0,5394839.0,342775.0,approved,0.0,0.0,0.0,0.0,0.0,1.0,0.0,0.0,0.0,0.0,1.0,0.0,,,,,,,,,,,,,,,,,,,,,,,,,0.0,4.0,no thanks i dont want to leave the gifted class to attend your dumb class,no thanks i dont want to leave the gifted class to attend your DUMBBBB class
2017-06-11 19:36:41.251945+00,102.0,5394839.0,342775.0,approved,0.0,0.0,0.0,0.0,0.0,1.0,0.0,0.0,0.0,0.0,1.0,0.0,,,,,,,,,,,,,,,,,,,,,,,,,0.0,4.0,no thanks i dont want to leave the gifted class to attend your dumb class,no thanks i dont want to leave the gifted class to attend your duuuuumb class
2017-11-02 19:46:52.535220+00,102.0,6275980.0,396348.0,approved,0.0,0.0,1.0,15.0,1.0,0.9,0.2,0.0,0.0,0.0,0.0,0.9,,,,,,,,,,,,,,,,,,,,,,,,,0.0,10.0,or kill anyone else,or Kil anyone else
2017-11-02 19:46:52.535220+00,102.0,6275980.0,396348.0,approved,0.0,0.0,1.0,15.0,1.0,0.9,0.2,0.0,0.0,0.0,0.0,0.9,,,,,,,,,,,,,,,,,,,,,,,,,0.0,10.0,or kill anyone else,or KIL anyone else
2016-07-26 23:40:43.773543+00,21.0,,142349.0,approved,0.0,0.0,0.0,4.0,0.0,0.8833333333333333,0.016666666666666666,0.18333333333333326,0.0,0.0,0.85,0.0,0.0,0.0,0.0,0.0,0.0,0.0,0.0,0.0,0.0,0.0,0.0,0.0,0.0,0.0,0.0,0.0,0.0,0.0,0.0,0.0,0.0,0.0,0.0,0.0,4.0,60.0,they pled not guilty how stupid is that,they pled not guilty how stupiddddd is that
2016-07-26 23:40:43.773543+00,21.0,,142349.0,approved,0.0,0.0,0.0,4.0,0.0,0.8833333333333333,0.016666666666666666,0.18333333333333326,0.0,0.0,0.85,0.0,0.0,0.0,0.0,0.0,0.0,0.0,0.0,0.0,0.0,0.0,0.0,0.0,0.0,0.0,0.0,0.0,0.0,0.0,0.0,0.0,0.0,0.0,0.0,0.0,4.0,60.0,they pled not guilty how stupid is that,they pled not guilty how stpd is that
2016-07-26 23:40:43.773543+00,21.0,,142349.0,approved,0.0,0.0,0.0,4.0,0.0,0.8833333333333333,0.016666666666666666,0.18333333333333326,0.0,0.0,0.85,0.0,0.0,0.0,0.0,0.0,0.0,0.0,0.0,0.0,0.0,0.0,0.0,0.0,0.0,0.0,0.0,0.0,0.0,0.0,0.0,0.0,0.0,0.0,0.0,0.0,4.0,60.0,they pled not guilty how stupid is that,they pled not guilty how STUPIDDDDD is that
2017-10-13 11:34:45.653717+00,54.0,,388227.0,rejected,0.0,0.0,0.0,0.0,0.0,0.7916666666666666,0.0,0.10416666666666667,0.0,0.02083333333333333,0.75,0.0,0.0,0.0,0.0,0.0,0.0,0.0,0.0,0.0,0.0,0.0,0.0,0.0,0.0,0.0,0.0,0.0,0.0,0.0,0.0,0.0,0.0,0.0,0.0,0.0,4.0,48.0,they will come to canada and try to patent their stupid pill formula,they will come to canada and try to patent their Stuuupidd pill formula
2017-10-13 11:34:45.653717+00,54.0,,388227.0,rejected,0.0,0.0,0.0,0.0,0.0,0.7916666666666666,0.0,0.10416666666666667,0.0,0.02083333333333333,0.75,0.0,0.0,0.0,0.0,0.0,0.0,0.0,0.0,0.0,0.0,0.0,0.0,0.0,0.0,0.0,0.0,0.0,0.0,0.0,0.0,0.0,0.0,0.0,0.0,0.0,4.0,48.0,they will come to canada and try to patent their stupid pill formula,they will come to canada and try to patent their stupiddddd pill formula
2017-10-13 11:34:45.653717+00,54.0,,388227.0,rejected,0.0,0.0,0.0,0.0,0.0,0.7916666666666666,0.0,0.10416666666666667,0.0,0.02083333333333333,0.75,0.0,0.0,0.0,0.0,0.0,0.0,0.0,0.0,0.0,0.0,0.0,0.0,0.0,0.0,0.0,0.0,0.0,0.0,0.0,0.0,0.0,0.0,0.0,0.0,0.0,4.0,48.0,they will come to canada and try to patent their stupid pill formula,they will come to canada and try to patent their stpd pill formula
2017-02-15 14:12:28.983645+00,54.0,997484.0,168335.0,rejected,0.0,0.0,0.0,0.0,0.0,0.6818181818181818,0.045454545454545456,0.07575757575757576,0.015151515151515154,0.13636363636363635,0.6212121212121212,0.015151515151515154,0.0,0.0,0.0,0.0,0.0,0.0,0.0,0.0,0.0,0.0,0.0,0.0,0.0,0.0,0.0,0.0,0.0,0.0,0.0,0.0,0.0,0.0,0.0,0.0,4.0,66.0,terrorist right wing political trash each trying to destroy the country,terrorist right wing political traaaash each trying to destroy the country
2017-02-15 14:12:28.983645+00,54.0,997484.0,168335.0,rejected,0.0,0.0,0.0,0.0,0.0,0.6818181818181818,0.045454545454545456,0.07575757575757576,0.015151515151515154,0.13636363636363635,0.6212121212121212,0.015151515151515154,0.0,0.0,0.0,0.0,0.0,0.0,0.0,0.0,0.0,0.0,0.0,0.0,0.0,0.0,0.0,0.0,0.0,0.0,0.0,0.0,0.0,0.0,0.0,0.0,4.0,66.0,terrorist right wing political trash each trying to destroy the country,terrorist right wing political trassshhh each trying to destroy the country
2017-02-15 14:12:28.983645+00,54.0,997484.0,168335.0,rejected,0.0,0.0,0.0,0.0,0.0,0.6818181818181818,0.045454545454545456,0.07575757575757576,0.015151515151515154,0.13636363636363635,0.6212121212121212,0.015151515151515154,0.0,0.0,0.0,0.0,0.0,0.0,0.0,0.0,0.0,0.0,0.0,0.0,0.0,0.0,0.0,0.0,0.0,0.0,0.0,0.0,0.0,0.0,0.0,0.0,4.0,66.0,terrorist right wing political trash each trying to destroy the country,terrorist right wing political trashhhh each trying to destroy the country
2016-10-29 13:57:49.124128+00,21.0,560590.0,149893.0,approved,0.0,0.0,0.0,0.0,0.0,0.8688524590163934,0.032786885245901634,0.09836065573770493,0.0,0.0,0.8524590163934426,0.0,0.0,0.0,0.0,0.0,0.0,0.0,0.0,0.0,0.0,0.0,0.0,0.0,0.0,0.0,0.0,0.0,0.0,0.0,0.0,0.0,0.0,0.0,0.0,0.0,4.0,61.0,a slight error are you just stupid as wave maker or just trying to catch up,a slight error are you just STUPIDDDDD as wave maker or just trying to catch up
2016-10-29 13:57:49.124128+00,21.0,560590.0,149893.0,approved,0.0,0.0,0.0,0.0,0.0,0.8688524590163934,0.032786885245901634,0.09836065573770493,0.0,0.0,0.8524590163934426,0.0,0.0,0.0,0.0,0.0,0.0,0.0,0.0,0.0,0.0,0.0,0.0,0.0,0.0,0.0,0.0,0.0,0.0,0.0,0.0,0.0,0.0,0.0,0.0,0.0,4.0,61.0,a slight error are you just stupid as wave maker or just trying to catch up,a slight error are you just Stuuupidd as wave maker or just trying to catch up
2016-10-29 13:57:49.124128+00,21.0,560590.0,149893.0,approved,0.0,0.0,0.0,0.0,0.0,0.8688524590163934,0.032786885245901634,0.09836065573770493,0.0,0.0,0.8524590163934426,0.0,0.0,0.0,0.0,0.0,0.0,0.0,0.0,0.0,0.0,0.0,0.0,0.0,0.0,0.0,0.0,0.0,0.0,0.0,0.0,0.0,0.0,0.0,0.0,0.0,4.0,61.0,a slight error are you just stupid as wave maker or just trying to catch up,a slight error are you just stupiddddd as wave maker or just trying to catch up
2017-05-02 12:04:56.930627+00,54.0,5204204.0,331259.0,rejected,0.0,0.0,0.0,0.0,0.0,0.8723404255319149,0.021276595744680847,0.06382978723404255,0.0,0.0,0.851063829787234,0.0,1.0,0.0,0.0,0.0,0.0,0.0,0.0,0.0,0.0,0.0,0.0,0.0,0.0,0.0,0.0,0.0,0.0,0.0,0.0,0.0,0.0,0.0,0.0,0.0,4.0,47.0,man are you dumb,man are you DUMBBBB
2017-05-02 12:04:56.930627+00,54.0,5204204.0,331259.0,rejected,0.0,0.0,0.0,0.0,0.0,0.8723404255319149,0.021276595744680847,0.06382978723404255,0.0,0.0,0.851063829787234,0.0,1.0,0.0,0.0,0.0,0.0,0.0,0.0,0.0,0.0,0.0,0.0,0.0,0.0,0.0,0.0,0.0,0.0,0.0,0.0,0.0,0.0,0.0,0.0,0.0,4.0,47.0,man are you dumb,man are you duuuuumb
2016-05-25 19:20:19.668004+00,21.0,,131582.0,rejected,0.0,0.0,0.0,2.0,0.0,0.8478260869565218,0.021739130434782608,0.15217391304347827,0.021739130434782608,0.043478260869565216,0.8478260869565218,0.021739130434782608,0.0,0.0,0.0,0.0,0.0,0.0,0.0,0.0,0.0,0.0,0.0,0.0,0.0,0.0,0.0,0.0,0.0,0.0,0.0,0.0,0.0,0.0,0.0,0.0,4.0,46.0,stop making stupid people famous,stop making stpd people famous
2016-05-25 19:20:19.668004+00,21.0,,131582.0,rejected,0.0,0.0,0.0,2.0,0.0,0.8478260869565218,0.021739130434782608,0.15217391304347827,0.021739130434782608,0.043478260869565216,0.8478260869565218,0.021739130434782608,0.0,0.0,0.0,0.0,0.0,0.0,0.0,0.0,0.0,0.0,0.0,0.0,0.0,0.0,0.0,0.0,0.0,0.0,0.0,0.0,0.0,0.0,0.0,0.0,4.0,46.0,stop making stupid people famous,stop making STUPIDDDDD people famous
2016-05-25 19:20:19.668004+00,21.0,,131582.0,rejected,0.0,0.0,0.0,2.0,0.0,0.8478260869565218,0.021739130434782608,0.15217391304347827,0.021739130434782608,0.043478260869565216,0.8478260869565218,0.021739130434782608,0.0,0.0,0.0,0.0,0.0,0.0,0.0,0.0,0.0,0.0,0.0,0.0,0.0,0.0,0.0,0.0,0.0,0.0,0.0,0.0,0.0,0.0,0.0,0.0,4.0,46.0,stop making stupid people famous,stop making Stuuupidd people famous
2017-09-02 03:58:54.035134+00,102.0,5883416.0,373279.0,rejected,0.0,0.0,0.0,0.0,0.0,0.9869067103109656,0.17839607201309327,0.006546644844517185,0.0010911074740861974,0.2384069830878341,0.18221494817239486,0.9683578832515004,0.0,0.0,0.0,0.0,0.0,0.0,0.0,0.0,0.0,0.0,0.0,0.0,0.0,0.0,0.0,0.0,0.0,0.0,0.0,0.0,0.0,0.0,0.0,0.0,4.0,1833.0,kill yourself communist,Kil yourself communist
2017-09-02 03:58:54.035134+00,102.0,5883416.0,373279.0,rejected,0.0,0.0,0.0,0.0,0.0,0.9869067103109656,0.17839607201309327,0.006546644844517185,0.0010911074740861974,0.2384069830878341,0.18221494817239486,0.9683578832515004,0.0,0.0,0.0,0.0,0.0,0.0,0.0,0.0,0.0,0.0,0.0,0.0,0.0,0.0,0.0,0.0,0.0,0.0,0.0,0.0,0.0,0.0,0.0,0.0,4.0,1833.0,kill yourself communist,KIL yourself communist
2017-07-07 19:17:36.290852+00,53.0,5547856.0,352778.0,rejected,0.0,0.0,0.0,0.0,0.0,0.76,0.02,0.0,0.0,0.02,0.76,0.0,1.0,0.0,0.0,0.0,0.0,0.0,0.0,0.0,0.0,0.0,0.0,0.0,0.0,0.0,0.0,0.0,0.0,0.0,0.0,0.0,0.0,0.0,0.0,0.0,4.0,50.0,you are truly a nasty man,you are truly a nassstyyy man
2017-07-07 19:17:36.290852+00,53.0,5547856.0,352778.0,rejected,0.0,0.0,0.0,0.0,0.0,0.76,0.02,0.0,0.0,0.02,0.76,0.0,1.0,0.0,0.0,0.0,0.0,0.0,0.0,0.0,0.0,0.0,0.0,0.0,0.0,0.0,0.0,0.0,0.0,0.0,0.0,0.0,0.0,0.0,0.0,0.0,4.0,50.0,you are truly a nasty man,you are truly a naaaasty man
2017-07-07 19:17:36.290852+00,53.0,5547856.0,352778.0,rejected,0.0,0.0,0.0,0.0,0.0,0.76,0.02,0.0,0.0,0.02,0.76,0.0,1.0,0.0,0.0,0.0,0.0,0.0,0.0,0.0,0.0,0.0,0.0,0.0,0.0,0.0,0.0,0.0,0.0,0.0,0.0,0.0,0.0,0.0,0.0,0.0,4.0,50.0,you are truly a nasty man,you are truly a Nassssty man
2016-08-17 07:03:08.887161+00,21.0,,143902.0,rejected,0.0,0.0,0.0,0.0,0.0,0.7333333333333331,0.06666666666666668,0.03333333333333333,0.0,0.7166666666666666,0.6166666666666667,0.0,0.0,0.0,0.0,0.0,0.0,0.0,0.0,0.0,0.0,0.0,0.0,0.0,0.0,0.0,0.0,0.0,1.0,0.0,0.0,0.0,0.0,0.0,0.0,0.0,4.0,60.0,notice anything theyre all fat white people,notice anything theyre all Fatt white people
2016-08-17 07:03:08.887161+00,21.0,,143902.0,rejected,0.0,0.0,0.0,0.0,0.0,0.7333333333333331,0.06666666666666668,0.03333333333333333,0.0,0.7166666666666666,0.6166666666666667,0.0,0.0,0.0,0.0,0.0,0.0,0.0,0.0,0.0,0.0,0.0,0.0,0.0,0.0,0.0,0.0,0.0,1.0,0.0,0.0,0.0,0.0,0.0,0.0,0.0,4.0,60.0,notice anything theyre all fat white people,notice anything theyre all fatt white people
2016-08-17 07:03:08.887161+00,21.0,,143902.0,rejected,0.0,0.0,0.0,0.0,0.0,0.7333333333333331,0.06666666666666668,0.03333333333333333,0.0,0.7166666666666666,0.6166666666666667,0.0,0.0,0.0,0.0,0.0,0.0,0.0,0.0,0.0,0.0,0.0,0.0,0.0,0.0,0.0,0.0,0.0,1.0,0.0,0.0,0.0,0.0,0.0,0.0,0.0,4.0,60.0,notice anything theyre all fat white people,notice anything theyre all faaaaaat white people
2016-12-24 15:10:31.778900+00,21.0,742161.0,157952.0,approved,0.0,0.0,0.0,0.0,0.0,0.8,0.0,0.0,0.0,0.9,0.2,0.0,0.0,0.0,0.0,0.0,0.0,0.0,0.0,0.0,0.0,0.0,0.0,0.0,0.0,0.0,0.0,1.0,0.0,0.0,0.0,0.0,0.0,0.0,0.0,0.0,4.0,10.0,because he is black,because he is BLCK
2016-12-24 15:10:31.778900+00,21.0,742161.0,157952.0,approved,0.0,0.0,0.0,0.0,0.0,0.8,0.0,0.0,0.0,0.9,0.2,0.0,0.0,0.0,0.0,0.0,0.0,0.0,0.0,0.0,0.0,0.0,0.0,0.0,0.0,0.0,0.0,1.0,0.0,0.0,0.0,0.0,0.0,0.0,0.0,0.0,4.0,10.0,because he is black,because he is blCK
2016-12-24 15:10:31.778900+00,21.0,742161.0,157952.0,approved,0.0,0.0,0.0,0.0,0.0,0.8,0.0,0.0,0.0,0.9,0.2,0.0,0.0,0.0,0.0,0.0,0.0,0.0,0.0,0.0,0.0,0.0,0.0,0.0,0.0,0.0,0.0,1.0,0.0,0.0,0.0,0.0,0.0,0.0,0.0,0.0,4.0,10.0,because he is black,because he is Blck
2017-07-25 17:54:44.411895+00,55.0,,358962.0,approved,0.0,0.0,0.0,1.0,0.0,0.8333333333333333,0.0,0.0,0.0,0.8333333333333333,0.16666666666666666,0.0,1.0,0.0,0.0,0.0,0.0,0.0,0.0,0.0,0.0,0.0,0.0,0.0,0.0,0.0,0.0,1.0,0.0,0.0,0.0,0.0,0.0,0.0,0.0,0.0,4.0,6.0,arming to protect themselves from mainly black men,arming to protect themselves from mainly BLCK men
2017-07-25 17:54:44.411895+00,55.0,,358962.0,approved,0.0,0.0,0.0,1.0,0.0,0.8333333333333333,0.0,0.0,0.0,0.8333333333333333,0.16666666666666666,0.0,1.0,0.0,0.0,0.0,0.0,0.0,0.0,0.0,0.0,0.0,0.0,0.0,0.0,0.0,0.0,1.0,0.0,0.0,0.0,0.0,0.0,0.0,0.0,0.0,4.0,6.0,arming to protect themselves from mainly black men,arming to protect themselves from mainly blCK men
2017-07-25 17:54:44.411895+00,55.0,,358962.0,approved,0.0,0.0,0.0,1.0,0.0,0.8333333333333333,0.0,0.0,0.0,0.8333333333333333,0.16666666666666666,0.0,1.0,0.0,0.0,0.0,0.0,0.0,0.0,0.0,0.0,0.0,0.0,0.0,0.0,0.0,0.0,1.0,0.0,0.0,0.0,0.0,0.0,0.0,0.0,0.0,4.0,6.0,arming to protect themselves from mainly black men,arming to protect themselves from mainly Blck men
2017-03-06 00:10:02.274704+00,54.0,,316988.0,approved,0.0,0.0,0.0,6.0,2.0,1.0,0.0,0.0,0.0,0.0,1.0,0.0,0.0,0.0,0.0,0.0,0.0,0.0,0.0,0.0,0.0,0.0,0.0,0.0,0.0,0.0,0.0,0.0,0.0,0.0,0.0,0.0,0.0,0.0,0.0,0.0,4.0,4.0,now its confirmed trump is a nut case,now its confirmed trump is a NUTT case
2017-03-06 00:10:02.274704+00,54.0,,316988.0,approved,0.0,0.0,0.0,6.0,2.0,1.0,0.0,0.0,0.0,0.0,1.0,0.0,0.0,0.0,0.0,0.0,0.0,0.0,0.0,0.0,0.0,0.0,0.0,0.0,0.0,0.0,0.0,0.0,0.0,0.0,0.0,0.0,0.0,0.0,0.0,0.0,4.0,4.0,now its confirmed trump is a nut case,now its confirmed trump is a nutt case
2017-03-06 00:10:02.274704+00,54.0,,316988.0,approved,0.0,0.0,0.0,6.0,2.0,1.0,0.0,0.0,0.0,0.0,1.0,0.0,0.0,0.0,0.0,0.0,0.0,0.0,0.0,0.0,0.0,0.0,0.0,0.0,0.0,0.0,0.0,0.0,0.0,0.0,0.0,0.0,0.0,0.0,0.0,0.0,4.0,4.0,now its confirmed trump is a nut case,now its confirmed trump is a Nutt case
2016-04-08 23:04:38.544023+00,21.0,,99795.0,approved,0.0,0.0,0.0,4.0,0.0,0.6216216216216216,0.013513513513513514,0.08108108108108109,0.0,0.040540540540540536,0.5135135135135135,0.0,0.0,1.0,0.0,0.0,0.0,0.0,0.0,0.0,0.0,0.0,0.0,0.0,0.0,0.0,0.0,0.0,0.0,0.0,0.0,0.0,0.0,0.0,0.0,0.0,4.0,74.0,stupid waste of life truly sorry this girl didnt get to enjoy her future,stupiddddd waste of life truly sorry this girl didnt get to enjoy her future
2016-04-08 23:04:38.544023+00,21.0,,99795.0,approved,0.0,0.0,0.0,4.0,0.0,0.6216216216216216,0.013513513513513514,0.08108108108108109,0.0,0.040540540540540536,0.5135135135135135,0.0,0.0,1.0,0.0,0.0,0.0,0.0,0.0,0.0,0.0,0.0,0.0,0.0,0.0,0.0,0.0,0.0,0.0,0.0,0.0,0.0,0.0,0.0,0.0,0.0,4.0,74.0,stupid waste of life truly sorry this girl didnt get to enjoy her future,stpd waste of life truly sorry this girl didnt get to enjoy her future
2016-04-08 23:04:38.544023+00,21.0,,99795.0,approved,0.0,0.0,0.0,4.0,0.0,0.6216216216216216,0.013513513513513514,0.08108108108108109,0.0,0.040540540540540536,0.5135135135135135,0.0,0.0,1.0,0.0,0.0,0.0,0.0,0.0,0.0,0.0,0.0,0.0,0.0,0.0,0.0,0.0,0.0,0.0,0.0,0.0,0.0,0.0,0.0,0.0,0.0,4.0,74.0,stupid waste of life truly sorry this girl didnt get to enjoy her future,STUPIDDDDD waste of life truly sorry this girl didnt get to enjoy her future
2017-08-10 04:03:28.348121+00,102.0,5742462.0,364797.0,approved,0.0,0.0,0.0,2.0,1.0,0.7580645161290323,0.0,0.016129032258064516,0.0,0.016129032258064516,0.7258064516129032,0.0,0.0,0.0,0.0,0.0,0.0,0.0,0.0,0.0,0.0,0.0,0.0,0.0,0.0,0.0,0.0,0.0,0.0,0.0,0.0,0.0,0.0,0.0,0.0,0.25,4.0,62.0,you are one sick individual,you are one sickkkk individual
2017-08-10 04:03:28.348121+00,102.0,5742462.0,364797.0,approved,0.0,0.0,0.0,2.0,1.0,0.7580645161290323,0.0,0.016129032258064516,0.0,0.016129032258064516,0.7258064516129032,0.0,0.0,0.0,0.0,0.0,0.0,0.0,0.0,0.0,0.0,0.0,0.0,0.0,0.0,0.0,0.0,0.0,0.0,0.0,0.0,0.0,0.0,0.0,0.0,0.25,4.0,62.0,you are one sick individual,you are one sicckkk individual
2017-08-10 04:03:28.348121+00,102.0,5742462.0,364797.0,approved,0.0,0.0,0.0,2.0,1.0,0.7580645161290323,0.0,0.016129032258064516,0.0,0.016129032258064516,0.7258064516129032,0.0,0.0,0.0,0.0,0.0,0.0,0.0,0.0,0.0,0.0,0.0,0.0,0.0,0.0,0.0,0.0,0.0,0.0,0.0,0.0,0.0,0.0,0.0,0.0,0.25,4.0,62.0,you are one sick individual,you are one Siiiick individual
2017-02-11 14:48:48.289160+00,54.0,981013.0,167257.0,approved,0.0,0.0,0.0,1.0,0.0,0.7236842105263158,0.02631578947368421,0.11842105263157895,0.0,0.0,0.6447368421052632,0.0,0.0,0.0,0.0,0.0,0.0,0.0,0.0,0.0,0.0,0.0,0.0,0.0,0.0,0.0,0.0,0.0,0.0,0.0,0.0,0.0,0.0,0.0,0.0,0.0,4.0,76.0,they have to get back to it is the economy stupid,they have to get back to it is the economy Stuuupidd
2017-02-11 14:48:48.289160+00,54.0,981013.0,167257.0,approved,0.0,0.0,0.0,1.0,0.0,0.7236842105263158,0.02631578947368421,0.11842105263157895,0.0,0.0,0.6447368421052632,0.0,0.0,0.0,0.0,0.0,0.0,0.0,0.0,0.0,0.0,0.0,0.0,0.0,0.0,0.0,0.0,0.0,0.0,0.0,0.0,0.0,0.0,0.0,0.0,0.0,4.0,76.0,they have to get back to it is the economy stupid,they have to get back to it is the economy stupiddddd
2017-02-11 14:48:48.289160+00,54.0,981013.0,167257.0,approved,0.0,0.0,0.0,1.0,0.0,0.7236842105263158,0.02631578947368421,0.11842105263157895,0.0,0.0,0.6447368421052632,0.0,0.0,0.0,0.0,0.0,0.0,0.0,0.0,0.0,0.0,0.0,0.0,0.0,0.0,0.0,0.0,0.0,0.0,0.0,0.0,0.0,0.0,0.0,0.0,0.0,4.0,76.0,they have to get back to it is the economy stupid,they have to get back to it is the economy stpd
2016-07-31 03:32:02.440979+00,21.0,408392.0,142580.0,rejected,0.0,0.0,0.0,0.0,0.0,0.8490566037735849,0.22641509433962265,0.0,0.0,0.0,0.018867924528301886,0.8679245283018867,0.16666666666666666,0.0,0.0,0.0,0.0,0.0,0.0,0.0,0.0,0.0,0.0,0.0,0.0,0.0,0.0,0.0,0.0,0.0,0.0,0.0,0.0,0.0,0.0,0.0,6.0,53.0,or just shoot him,or just sh00t him
2016-07-31 03:32:02.440979+00,21.0,408392.0,142580.0,rejected,0.0,0.0,0.0,0.0,0.0,0.8490566037735849,0.22641509433962265,0.0,0.0,0.0,0.018867924528301886,0.8679245283018867,0.16666666666666666,0.0,0.0,0.0,0.0,0.0,0.0,0.0,0.0,0.0,0.0,0.0,0.0,0.0,0.0,0.0,0.0,0.0,0.0,0.0,0.0,0.0,0.0,0.0,6.0,53.0,or just shoot him,or just sh_t him
2016-07-31 03:32:02.440979+00,21.0,408392.0,142580.0,rejected,0.0,0.0,0.0,0.0,0.0,0.8490566037735849,0.22641509433962265,0.0,0.0,0.0,0.018867924528301886,0.8679245283018867,0.16666666666666666,0.0,0.0,0.0,0.0,0.0,0.0,0.0,0.0,0.0,0.0,0.0,0.0,0.0,0.0,0.0,0.0,0.0,0.0,0.0,0.0,0.0,0.0,0.0,6.0,53.0,or just shoot him,or just Shìt him
2017-06-02 18:52:23.584187+00,102.0,5346044.0,340087.0,rejected,0.0,0.0,0.0,0.0,0.0,0.8727272727272726,0.03636363636363636,0.01818181818181818,0.0,0.2181818181818181,0.8363636363636363,0.0,0.0,0.8333333333333333,0.0,0.0,0.0,0.0,0.0,0.0,0.0,0.0,0.0,0.0,0.0,0.0,0.0,0.0,0.0,0.0,0.0,0.0,0.0,0.0,0.0,0.0,6.0,55.0,your pretty dumb just like this woman,your pretty DUMBBBB just like this woman
2017-06-02 18:52:23.584187+00,102.0,5346044.0,340087.0,rejected,0.0,0.0,0.0,0.0,0.0,0.8727272727272726,0.03636363636363636,0.01818181818181818,0.0,0.2181818181818181,0.8363636363636363,0.0,0.0,0.8333333333333333,0.0,0.0,0.0,0.0,0.0,0.0,0.0,0.0,0.0,0.0,0.0,0.0,0.0,0.0,0.0,0.0,0.0,0.0,0.0,0.0,0.0,0.0,6.0,55.0,your pretty dumb just like this woman,your pretty duuuuumb just like this woman
2017-08-20 05:35:22.493947+00,102.0,5804441.0,368446.0,rejected,0.0,0.0,0.0,0.0,0.0,0.8,0.0,0.0,0.0,0.8,0.2,0.0,0.7,0.0,0.0,0.0,0.0,0.0,0.0,0.0,0.0,0.0,0.0,0.0,0.0,0.0,0.1,1.0,0.0,0.0,0.0,0.0,0.0,0.0,0.0,0.0,10.0,10.0,the thinking might have gone something like if a black man could do it,the thinking might have gone something like if a BLCK man could do it
2017-08-20 05:35:22.493947+00,102.0,5804441.0,368446.0,rejected,0.0,0.0,0.0,0.0,0.0,0.8,0.0,0.0,0.0,0.8,0.2,0.0,0.7,0.0,0.0,0.0,0.0,0.0,0.0,0.0,0.0,0.0,0.0,0.0,0.0,0.0,0.1,1.0,0.0,0.0,0.0,0.0,0.0,0.0,0.0,0.0,10.0,10.0,the thinking might have gone something like if a black man could do it,the thinking might have gone something like if a blCK man could do it
2017-08-20 05:35:22.493947+00,102.0,5804441.0,368446.0,rejected,0.0,0.0,0.0,0.0,0.0,0.8,0.0,0.0,0.0,0.8,0.2,0.0,0.7,0.0,0.0,0.0,0.0,0.0,0.0,0.0,0.0,0.0,0.0,0.0,0.0,0.0,0.1,1.0,0.0,0.0,0.0,0.0,0.0,0.0,0.0,0.0,10.0,10.0,the thinking might have gone something like if a black man could do it,the thinking might have gone something like if a Blck man could do it
2017-05-31 14:33:25.290309+00,66.0,,339331.0,approved,0.0,0.0,0.0,0.0,0.0,0.7027027027027027,0.027027027027027032,0.0,0.0,0.13513513513513514,0.6621621621621622,0.013513513513513514,0.0,0.0,0.0,0.0,0.0,0.0,0.0,0.0,0.0,0.0,0.0,0.0,0.0,0.0,0.0,0.0,0.0,0.0,0.0,0.0,0.0,0.1,0.8,0.0,10.0,74.0,he obviously is mentally ill,he obviously is mentally il
2017-05-31 14:33:25.290309+00,66.0,,339331.0,approved,0.0,0.0,0.0,0.0,0.0,0.7027027027027027,0.027027027027027032,0.0,0.0,0.13513513513513514,0.6621621621621622,0.013513513513513514,0.0,0.0,0.0,0.0,0.0,0.0,0.0,0.0,0.0,0.0,0.0,0.0,0.0,0.0,0.0,0.0,0.0,0.0,0.0,0.0,0.0,0.1,0.8,0.0,10.0,74.0,he obviously is mentally ill,he obviously is mentally iL
2017-05-31 14:33:25.290309+00,66.0,,339331.0,approved,0.0,0.0,0.0,0.0,0.0,0.7027027027027027,0.027027027027027032,0.0,0.0,0.13513513513513514,0.6621621621621622,0.013513513513513514,0.0,0.0,0.0,0.0,0.0,0.0,0.0,0.0,0.0,0.0,0.0,0.0,0.0,0.0,0.0,0.0,0.0,0.0,0.0,0.0,0.0,0.1,0.8,0.0,10.0,74.0,he obviously is mentally ill,he obviously is mentally ILLL
2016-08-16 05:55:58.163640+00,21.0,,143812.0,approved,0.0,0.0,0.0,1.0,0.0,0.765432098765432,0.1111111111111111,0.4320987654320987,0.20987654320987653,0.0,0.1851851851851852,0.6913580246913579,0.4,0.0,0.0,0.0,0.0,0.0,0.0,0.0,0.0,0.0,0.0,0.0,0.0,0.0,0.0,0.0,0.0,0.0,0.0,0.0,0.0,0.0,0.0,0.0,10.0,81.0,this dude again will somebody kill his a,this dude again will somebody Kil his a
2016-08-16 05:55:58.163640+00,21.0,,143812.0,approved,0.0,0.0,0.0,1.0,0.0,0.765432098765432,0.1111111111111111,0.4320987654320987,0.20987654320987653,0.0,0.1851851851851852,0.6913580246913579,0.4,0.0,0.0,0.0,0.0,0.0,0.0,0.0,0.0,0.0,0.0,0.0,0.0,0.0,0.0,0.0,0.0,0.0,0.0,0.0,0.0,0.0,0.0,0.0,10.0,81.0,this dude again will somebody kill his a,this dude again will somebody KIL his a
2016-10-27 07:07:12.792523+00,22.0,,149718.0,rejected,0.0,0.0,0.0,0.0,0.0,0.9545454545454546,0.09090909090909093,0.8333333333333333,0.030303030303030307,0.060606060606060615,0.8787878787878787,0.15151515151515152,0.0,0.3,0.0,0.0,0.0,0.0,0.0,0.0,0.0,0.0,0.0,0.0,0.0,0.0,0.0,0.0,0.0,0.0,0.0,0.0,0.0,0.0,0.0,0.0,10.0,66.0,good fire the bitch,good fire the biiitchhh
2016-10-27 07:07:12.792523+00,22.0,,149718.0,rejected,0.0,0.0,0.0,0.0,0.0,0.9545454545454546,0.09090909090909093,0.8333333333333333,0.030303030303030307,0.060606060606060615,0.8787878787878787,0.15151515151515152,0.0,0.3,0.0,0.0,0.0,0.0,0.0,0.0,0.0,0.0,0.0,0.0,0.0,0.0,0.0,0.0,0.0,0.0,0.0,0.0,0.0,0.0,0.0,0.0,10.0,66.0,good fire the bitch,good fire the Biiiiitch
2016-10-27 07:07:12.792523+00,22.0,,149718.0,rejected,0.0,0.0,0.0,0.0,0.0,0.9545454545454546,0.09090909090909093,0.8333333333333333,0.030303030303030307,0.060606060606060615,0.8787878787878787,0.15151515151515152,0.0,0.3,0.0,0.0,0.0,0.0,0.0,0.0,0.0,0.0,0.0,0.0,0.0,0.0,0.0,0.0,0.0,0.0,0.0,0.0,0.0,0.0,0.0,0.0,10.0,66.0,good fire the bitch,good fire the biiiiitch
2017-10-04 15:38:26.098766+00,55.0,,385239.0,approved,0.0,0.0,0.0,1.0,5.0,0.6,0.014285714285714284,0.0,0.0,0.014285714285714284,0.6,0.0,,,,,,,,,,,,,,,,,,,,,,,,,0.0,70.0,this guy must be a loon,this guyyyy must be a loon
2017-10-04 15:38:26.098766+00,55.0,,385239.0,approved,0.0,0.0,0.0,1.0,5.0,0.6,0.014285714285714284,0.0,0.0,0.014285714285714284,0.6,0.0,,,,,,,,,,,,,,,,,,,,,,,,,0.0,70.0,this guy must be a loon,this Guyyy must be a loon
2017-10-04 15:38:26.098766+00,55.0,,385239.0,approved,0.0,0.0,0.0,1.0,5.0,0.6,0.014285714285714284,0.0,0.0,0.014285714285714284,0.6,0.0,,,,,,,,,,,,,,,,,,,,,,,,,0.0,70.0,this guy must be a loon,this guyyy must be a loon
2016-12-12 00:53:08.588600+00,54.0,,155926.0,approved,0.0,0.0,0.0,0.0,0.0,0.6,0.0,0.0,0.8,0.0,0.0,0.0,,,,,,,,,,,,,,,,,,,,,,,,,0.0,10.0,early morning sex does it for me,early morning SeEeEx does it for me
2016-12-12 00:53:08.588600+00,54.0,,155926.0,approved,0.0,0.0,0.0,0.0,0.0,0.6,0.0,0.0,0.8,0.0,0.0,0.0,,,,,,,,,,,,,,,,,,,,,,,,,0.0,10.0,early morning sex does it for me,early morning SEEEEXX does it for me
2016-12-12 00:53:08.588600+00,54.0,,155926.0,approved,0.0,0.0,0.0,0.0,0.0,0.6,0.0,0.0,0.8,0.0,0.0,0.0,,,,,,,,,,,,,,,,,,,,,,,,,0.0,10.0,early morning sex does it for me,early morning SEEEX does it for me
2017-01-14 18:12:57.001452+00,54.0,840089.0,161924.0,approved,6.0,0.0,0.0,5.0,2.0,0.6,0.1,0.6,0.0,0.0,0.2,0.0,,,,,,,,,,,,,,,,,,,,,,,,,0.0,10.0,damn i hope they are,DAMMMMMMN i hope they are
2017-01-14 18:12:57.001452+00,54.0,840089.0,161924.0,approved,6.0,0.0,0.0,5.0,2.0,0.6,0.1,0.6,0.0,0.0,0.2,0.0,,,,,,,,,,,,,,,,,,,,,,,,,0.0,10.0,damn i hope they are,DAAAAMN i hope they are
2017-01-14 18:12:57.001452+00,54.0,840089.0,161924.0,approved,6.0,0.0,0.0,5.0,2.0,0.6,0.1,0.6,0.0,0.0,0.2,0.0,,,,,,,,,,,,,,,,,,,,,,,,,0.0,10.0,damn i hope they are,Daaaaaamn i hope they are
2017-07-12 19:49:12.176418+00,55.0,5580571.0,354531.0,approved,1.0,0.0,0.0,1.0,0.0,0.6,0.1,0.6,0.0,0.0,0.3,0.0,,,,,,,,,,,,,,,,,,,,,,,,,0.0,10.0,damn does the truth hurt,Daaammmnn does the truth hurt
2017-07-12 19:49:12.176418+00,55.0,5580571.0,354531.0,approved,1.0,0.0,0.0,1.0,0.0,0.6,0.1,0.6,0.0,0.0,0.3,0.0,,,,,,,,,,,,,,,,,,,,,,,,,0.0,10.0,damn does the truth hurt,Daaaamn does the truth hurt
2017-07-12 19:49:12.176418+00,55.0,5580571.0,354531.0,approved,1.0,0.0,0.0,1.0,0.0,0.6,0.1,0.6,0.0,0.0,0.3,0.0,,,,,,,,,,,,,,,,,,,,,,,,,0.0,10.0,damn does the truth hurt,dammmmmn does the truth hurt
2017-10-12 15:56:38.989947+00,55.0,6130702.0,388076.0,approved,0.0,0.0,0.0,0.0,0.0,0.6,0.0,0.0,0.0,0.0,0.5,0.0,,,,,,,,,,,,,,,,,,,,,,,,,0.0,10.0,what exactly does talking trash do for anyone united we stand divided we fall just remember that,what exactly does talking TRRAAASSHH do for anyone united we stand divided we fall just remember that
2017-10-12 15:56:38.989947+00,55.0,6130702.0,388076.0,approved,0.0,0.0,0.0,0.0,0.0,0.6,0.0,0.0,0.0,0.0,0.5,0.0,,,,,,,,,,,,,,,,,,,,,,,,,0.0,10.0,what exactly does talking trash do for anyone united we stand divided we fall just remember that,what exactly does talking trashhhhh do for anyone united we stand divided we fall just remember that
2017-10-12 15:56:38.989947+00,55.0,6130702.0,388076.0,approved,0.0,0.0,0.0,0.0,0.0,0.6,0.0,0.0,0.0,0.0,0.5,0.0,,,,,,,,,,,,,,,,,,,,,,,,,0.0,10.0,what exactly does talking trash do for anyone united we stand divided we fall just remember that,what exactly does talking Trashhhhh do for anyone united we stand divided we fall just remember that
2017-11-01 17:40:39.361495+00,102.0,6254769.0,383593.0,approved,0.0,0.0,0.0,0.0,0.0,0.6,0.0,0.0,0.0,0.0,0.6,0.0,,,,,,,,,,,,,,,,,,,,,,,,,0.0,10.0,yeah thats pretty dumb alright,yeah thats pretty DUMBBBB alright
2017-11-01 17:40:39.361495+00,102.0,6254769.0,383593.0,approved,0.0,0.0,0.0,0.0,0.0,0.6,0.0,0.0,0.0,0.0,0.6,0.0,,,,,,,,,,,,,,,,,,,,,,,,,0.0,10.0,yeah thats pretty dumb alright,yeah thats pretty duuuuumb alright
2016-11-30 07:35:23.567749+00,53.0,638255.0,153393.0,approved,0.0,0.0,0.0,1.0,0.0,0.6,0.0,0.0,0.0,0.0,0.4,0.0,,,,,,,,,,,,,,,,,,,,,,,,,0.0,10.0,your false inference is really quite sick,your false inference is really quite sickkkkk
2016-11-30 07:35:23.567749+00,53.0,638255.0,153393.0,approved,0.0,0.0,0.0,1.0,0.0,0.6,0.0,0.0,0.0,0.0,0.4,0.0,,,,,,,,,,,,,,,,,,,,,,,,,0.0,10.0,your false inference is really quite sick,your false inference is really quite SIIICCCK
2016-11-30 07:35:23.567749+00,53.0,638255.0,153393.0,approved,0.0,0.0,0.0,1.0,0.0,0.6,0.0,0.0,0.0,0.0,0.4,0.0,,,,,,,,,,,,,,,,,,,,,,,,,0.0,10.0,your false inference is really quite sick,your false inference is really quite sickkkkkk
2017-05-02 13:11:37.746908+00,13.0,5203077.0,331130.0,rejected,0.0,0.0,0.0,0.0,0.0,0.6,0.0,0.0,0.0,0.0,0.6,0.0,,,,,,,,,,,,,,,,,,,,,,,,,0.0,45.0,i bet if you had a brain youd be dangerous,i bet if you had a Brin youd be dangerous
2017-05-02 13:11:37.746908+00,13.0,5203077.0,331130.0,rejected,0.0,0.0,0.0,0.0,0.0,0.6,0.0,0.0,0.0,0.0,0.6,0.0,,,,,,,,,,,,,,,,,,,,,,,,,0.0,45.0,i bet if you had a brain youd be dangerous,i bet if you had a Brn youd be dangerous
2017-05-02 13:11:37.746908+00,13.0,5203077.0,331130.0,rejected,0.0,0.0,0.0,0.0,0.0,0.6,0.0,0.0,0.0,0.0,0.6,0.0,,,,,,,,,,,,,,,,,,,,,,,,,0.0,45.0,i bet if you had a brain youd be dangerous,i bet if you had a Bryann youd be dangerous
2017-05-16 01:39:16.937719+00,54.0,,334835.0,rejected,0.0,0.0,0.0,0.0,0.0,0.6,0.0,0.4,0.0,0.0,0.2,0.0,0.0,0.0,0.0,0.0,0.0,0.0,0.0,0.0,0.0,0.0,0.0,0.0,0.0,0.0,0.0,0.0,0.0,0.0,0.0,0.0,0.0,0.0,0.0,0.0,4.0,10.0,what the bloody hell is the democratic resistance,what the bloody helllllll is the democratic resistance
2017-05-16 01:39:16.937719+00,54.0,,334835.0,rejected,0.0,0.0,0.0,0.0,0.0,0.6,0.0,0.4,0.0,0.0,0.2,0.0,0.0,0.0,0.0,0.0,0.0,0.0,0.0,0.0,0.0,0.0,0.0,0.0,0.0,0.0,0.0,0.0,0.0,0.0,0.0,0.0,0.0,0.0,0.0,0.0,4.0,10.0,what the bloody hell is the democratic resistance,what the bloody Hel is the democratic resistance
2017-05-16 01:39:16.937719+00,54.0,,334835.0,rejected,0.0,0.0,0.0,0.0,0.0,0.6,0.0,0.4,0.0,0.0,0.2,0.0,0.0,0.0,0.0,0.0,0.0,0.0,0.0,0.0,0.0,0.0,0.0,0.0,0.0,0.0,0.0,0.0,0.0,0.0,0.0,0.0,0.0,0.0,0.0,0.0,4.0,10.0,what the bloody hell is the democratic resistance,what the bloody HeL is the democratic resistance
2016-11-16 00:55:58.938548+00,21.0,,151813.0,approved,0.0,0.0,0.0,1.0,0.0,0.7,0.0,0.1,0.0,0.0,0.6,0.0,,,,,,,,,,,,,,,,,,,,,,,,,0.0,10.0,these two are the definition of valley trash,these two are the definition of valley traaaash
2016-11-16 00:55:58.938548+00,21.0,,151813.0,approved,0.0,0.0,0.0,1.0,0.0,0.7,0.0,0.1,0.0,0.0,0.6,0.0,,,,,,,,,,,,,,,,,,,,,,,,,0.0,10.0,these two are the definition of valley trash,these two are the definition of valley trassshhh
2016-11-16 00:55:58.938548+00,21.0,,151813.0,approved,0.0,0.0,0.0,1.0,0.0,0.7,0.0,0.1,0.0,0.0,0.6,0.0,,,,,,,,,,,,,,,,,,,,,,,,,0.0,10.0,these two are the definition of valley trash,these two are the definition of valley trashhhh
2017-10-30 23:16:40.699032+00,55.0,6254448.0,395144.0,approved,0.0,0.0,1.0,7.0,0.0,0.7,0.0,0.0,0.0,0.0,0.7,0.0,,,,,,,,,,,,,,,,,,,,,,,,,0.0,10.0,your attempt at being humorous is sick,your attempt at being humorous is sickkkk
2017-10-30 23:16:40.699032+00,55.0,6254448.0,395144.0,approved,0.0,0.0,1.0,7.0,0.0,0.7,0.0,0.0,0.0,0.0,0.7,0.0,,,,,,,,,,,,,,,,,,,,,,,,,0.0,10.0,your attempt at being humorous is sick,your attempt at being humorous is sicckkk
2017-10-30 23:16:40.699032+00,55.0,6254448.0,395144.0,approved,0.0,0.0,1.0,7.0,0.0,0.7,0.0,0.0,0.0,0.0,0.7,0.0,,,,,,,,,,,,,,,,,,,,,,,,,0.0,10.0,your attempt at being humorous is sick,your attempt at being humorous is Siiiick
2017-10-25 04:03:43.094605+00,102.0,6217649.0,392962.0,approved,0.0,0.0,1.0,0.0,0.0,0.7,0.0,0.0,0.0,0.0,0.6,0.0,,,,,,,,,,,,,,,,,,,,,,,,,0.0,10.0,no need to play dumb al oh wait maybe there is,no need to play DUMBBBB al oh wait maybe there is
2017-10-25 04:03:43.094605+00,102.0,6217649.0,392962.0,approved,0.0,0.0,1.0,0.0,0.0,0.7,0.0,0.0,0.0,0.0,0.6,0.0,,,,,,,,,,,,,,,,,,,,,,,,,0.0,10.0,no need to play dumb al oh wait maybe there is,no need to play duuuuumb al oh wait maybe there is
2017-06-29 21:52:18.291890+00,54.0,5491324.0,349365.0,approved,0.0,0.0,0.0,0.0,0.0,0.7,0.0,0.0,0.0,0.7,0.4,0.0,,,,,,,,,,,,,,,,,,,,,,,,,0.0,10.0,that will be a happy day when the sad sick religion is exposed for what it really is,that will be a happy day when the sad sickkkkk religion is exposed for what it really is
2017-06-29 21:52:18.291890+00,54.0,5491324.0,349365.0,approved,0.0,0.0,0.0,0.0,0.0,0.7,0.0,0.0,0.0,0.7,0.4,0.0,,,,,,,,,,,,,,,,,,,,,,,,,0.0,10.0,that will be a happy day when the sad sick religion is exposed for what it really is,that will be a happy day when the sad SIIICCCK religion is exposed for what it really is
2017-06-29 21:52:18.291890+00,54.0,5491324.0,349365.0,approved,0.0,0.0,0.0,0.0,0.0,0.7,0.0,0.0,0.0,0.7,0.4,0.0,,,,,,,,,,,,,,,,,,,,,,,,,0.0,10.0,that will be a happy day when the sad sick religion is exposed for what it really is,that will be a happy day when the sad sickkkkkk religion is exposed for what it really is
2017-02-19 19:36:03.087044+00,21.0,,169032.0,approved,0.0,0.0,0.0,0.0,1.0,0.7,0.0,0.1,0.0,0.0,0.5,0.3,,,,,,,,,,,,,,,,,,,,,,,,,0.0,10.0,why not a human head on the table with an apply in its mouth totally sick,why not a human head on the table with an apply in its mouth totally sickkkk
2017-02-19 19:36:03.087044+00,21.0,,169032.0,approved,0.0,0.0,0.0,0.0,1.0,0.7,0.0,0.1,0.0,0.0,0.5,0.3,,,,,,,,,,,,,,,,,,,,,,,,,0.0,10.0,why not a human head on the table with an apply in its mouth totally sick,why not a human head on the table with an apply in its mouth totally sicckkk
2017-02-19 19:36:03.087044+00,21.0,,169032.0,approved,0.0,0.0,0.0,0.0,1.0,0.7,0.0,0.1,0.0,0.0,0.5,0.3,,,,,,,,,,,,,,,,,,,,,,,,,0.0,10.0,why not a human head on the table with an apply in its mouth totally sick,why not a human head on the table with an apply in its mouth totally Siiiick
2016-03-24 21:50:39.800418+00,21.0,,103824.0,approved,0.0,0.0,0.0,0.0,0.0,0.7,0.1,0.6,0.0,0.0,0.5,0.0,,,,,,,,,,,,,,,,,,,,,,,,,0.0,10.0,buy the damn thing at a low price so we can be done with this nonsense,buy the Daaamnnn thing at a low price so we can be done with this nonsense
2016-03-24 21:50:39.800418+00,21.0,,103824.0,approved,0.0,0.0,0.0,0.0,0.0,0.7,0.1,0.6,0.0,0.0,0.5,0.0,,,,,,,,,,,,,,,,,,,,,,,,,0.0,10.0,buy the damn thing at a low price so we can be done with this nonsense,buy the Daaaaamn thing at a low price so we can be done with this nonsense
2016-03-24 21:50:39.800418+00,21.0,,103824.0,approved,0.0,0.0,0.0,0.0,0.0,0.7,0.1,0.6,0.0,0.0,0.5,0.0,,,,,,,,,,,,,,,,,,,,,,,,,0.0,10.0,buy the damn thing at a low price so we can be done with this nonsense,buy the Dammmmnnn thing at a low price so we can be done with this nonsense
2017-04-27 07:22:04.468345+00,21.0,5182955.0,329919.0,approved,0.0,0.0,0.0,0.0,0.0,0.7,0.0,0.0,0.0,0.0,0.7,0.0,,,,,,,,,,,,,,,,,,,,,,,,,0.0,10.0,even the market is not that stupid art,even the market is not that STUPIDDDDD art
2017-04-27 07:22:04.468345+00,21.0,5182955.0,329919.0,approved,0.0,0.0,0.0,0.0,0.0,0.7,0.0,0.0,0.0,0.0,0.7,0.0,,,,,,,,,,,,,,,,,,,,,,,,,0.0,10.0,even the market is not that stupid art,even the market is not that Stuuupidd art
2017-04-27 07:22:04.468345+00,21.0,5182955.0,329919.0,approved,0.0,0.0,0.0,0.0,0.0,0.7,0.0,0.0,0.0,0.0,0.7,0.0,,,,,,,,,,,,,,,,,,,,,,,,,0.0,10.0,even the market is not that stupid art,even the market is not that stupiddddd art
2017-11-06 06:31:40.649821+00,13.0,6295322.0,396826.0,approved,0.0,0.0,0.0,0.0,0.0,0.7,0.0,0.03333333333333333,0.0,0.0,0.6666666666666666,0.0,,,,,,,,,,,,,,,,,,,,,,,,,0.0,60.0,then please allow me to do it for both of us old soul is trash,then please allow me to do it for both of us old soul is TRRAAASSHH
2017-11-06 06:31:40.649821+00,13.0,6295322.0,396826.0,approved,0.0,0.0,0.0,0.0,0.0,0.7,0.0,0.03333333333333333,0.0,0.0,0.6666666666666666,0.0,,,,,,,,,,,,,,,,,,,,,,,,,0.0,60.0,then please allow me to do it for both of us old soul is trash,then please allow me to do it for both of us old soul is trashhhhh
2017-11-06 06:31:40.649821+00,13.0,6295322.0,396826.0,approved,0.0,0.0,0.0,0.0,0.0,0.7,0.0,0.03333333333333333,0.0,0.0,0.6666666666666666,0.0,,,,,,,,,,,,,,,,,,,,,,,,,0.0,60.0,then please allow me to do it for both of us old soul is trash,then please allow me to do it for both of us old soul is Trashhhhh
2017-07-14 15:06:28.694136+00,102.0,,355288.0,approved,0.0,0.0,0.0,1.0,0.0,0.7,0.1,0.0,0.0,0.5,0.3,0.5,1.0,0.0,0.0,0.0,0.0,0.0,0.0,0.0,0.0,0.0,0.0,0.0,0.0,0.0,0.0,1.0,0.0,0.0,0.0,0.0,0.0,0.0,0.0,0.0,4.0,10.0,statistically the victim would be a young black male shot by the same,statistically the victim would be a young BLCK male shot by the same
2017-07-14 15:06:28.694136+00,102.0,,355288.0,approved,0.0,0.0,0.0,1.0,0.0,0.7,0.1,0.0,0.0,0.5,0.3,0.5,1.0,0.0,0.0,0.0,0.0,0.0,0.0,0.0,0.0,0.0,0.0,0.0,0.0,0.0,0.0,1.0,0.0,0.0,0.0,0.0,0.0,0.0,0.0,0.0,4.0,10.0,statistically the victim would be a young black male shot by the same,statistically the victim would be a young blCK male shot by the same
2017-07-14 15:06:28.694136+00,102.0,,355288.0,approved,0.0,0.0,0.0,1.0,0.0,0.7,0.1,0.0,0.0,0.5,0.3,0.5,1.0,0.0,0.0,0.0,0.0,0.0,0.0,0.0,0.0,0.0,0.0,0.0,0.0,0.0,0.0,1.0,0.0,0.0,0.0,0.0,0.0,0.0,0.0,0.0,4.0,10.0,statistically the victim would be a young black male shot by the same,statistically the victim would be a young Blck male shot by the same
2017-09-21 00:29:40.300321+00,54.0,5988072.0,380015.0,approved,3.0,0.0,0.0,4.0,0.0,0.6,0.0,0.0,0.0,0.0,0.6,0.0,,,,,,,,,,,,,,,,,,,,,,,,,0.0,10.0,nobody can troll like you can mel,nobody can troll Likke you can mel
2017-09-21 00:29:40.300321+00,54.0,5988072.0,380015.0,approved,3.0,0.0,0.0,4.0,0.0,0.6,0.0,0.0,0.0,0.0,0.6,0.0,,,,,,,,,,,,,,,,,,,,,,,,,0.0,10.0,nobody can troll like you can mel,nobody can troll liiiike you can mel
2017-09-21 00:29:40.300321+00,54.0,5988072.0,380015.0,approved,3.0,0.0,0.0,4.0,0.0,0.6,0.0,0.0,0.0,0.0,0.6,0.0,,,,,,,,,,,,,,,,,,,,,,,,,0.0,10.0,nobody can troll like you can mel,nobody can troll Liike you can mel
2017-02-14 20:16:53.980910+00,54.0,,168176.0,rejected,0.0,0.0,0.0,0.0,0.0,0.6,0.0,0.7,0.0,0.0,0.1,0.0,,,,,,,,,,,,,,,,,,,,,,,,,0.0,10.0,damn right they have to pay up,DaaaAAMN right they have to pay up
2017-02-14 20:16:53.980910+00,54.0,,168176.0,rejected,0.0,0.0,0.0,0.0,0.0,0.6,0.0,0.7,0.0,0.0,0.1,0.0,,,,,,,,,,,,,,,,,,,,,,,,,0.0,10.0,damn right they have to pay up,DAAAAAMN right they have to pay up
2017-02-14 20:16:53.980910+00,54.0,,168176.0,rejected,0.0,0.0,0.0,0.0,0.0,0.6,0.0,0.7,0.0,0.0,0.1,0.0,,,,,,,,,,,,,,,,,,,,,,,,,0.0,10.0,damn right they have to pay up,Dammmnnn right they have to pay up
2017-02-03 19:25:23.408965+00,13.0,942499.0,165842.0,approved,0.0,0.0,0.0,1.0,0.0,0.6,0.0,0.0,0.0,0.6,0.2,0.0,0.0,0.0,0.0,0.0,0.0,0.0,0.0,0.0,0.0,0.0,0.0,0.0,0.0,0.0,0.0,0.8333333333333333,0.0,0.0,0.0,0.0,0.0,0.0,0.0,0.0,6.0,10.0,good one black,good one BLCK
2017-02-03 19:25:23.408965+00,13.0,942499.0,165842.0,approved,0.0,0.0,0.0,1.0,0.0,0.6,0.0,0.0,0.0,0.6,0.2,0.0,0.0,0.0,0.0,0.0,0.0,0.0,0.0,0.0,0.0,0.0,0.0,0.0,0.0,0.0,0.0,0.8333333333333333,0.0,0.0,0.0,0.0,0.0,0.0,0.0,0.0,6.0,10.0,good one black,good one blCK
2017-02-03 19:25:23.408965+00,13.0,942499.0,165842.0,approved,0.0,0.0,0.0,1.0,0.0,0.6,0.0,0.0,0.0,0.6,0.2,0.0,0.0,0.0,0.0,0.0,0.0,0.0,0.0,0.0,0.0,0.0,0.0,0.0,0.0,0.0,0.0,0.8333333333333333,0.0,0.0,0.0,0.0,0.0,0.0,0.0,0.0,6.0,10.0,good one black,good one Blck
2017-10-18 17:52:28.397078+00,55.0,,390579.0,approved,0.0,0.0,0.0,3.0,3.0,0.6,0.0,0.0,0.0,0.0,0.6,0.0,0.8,0.1,0.0,0.0,0.0,0.0,0.0,0.0,0.0,0.0,0.0,0.0,0.0,0.0,0.0,0.0,0.0,0.0,0.0,0.0,0.0,0.0,0.3,0.0,10.0,10.0,the man is insane,the MAAAAAAN is insane
2017-10-18 17:52:28.397078+00,55.0,,390579.0,approved,0.0,0.0,0.0,3.0,3.0,0.6,0.0,0.0,0.0,0.0,0.6,0.0,0.8,0.1,0.0,0.0,0.0,0.0,0.0,0.0,0.0,0.0,0.0,0.0,0.0,0.0,0.0,0.0,0.0,0.0,0.0,0.0,0.0,0.0,0.3,0.0,10.0,10.0,the man is insane,the mannnnnn is insane
2017-10-18 17:52:28.397078+00,55.0,,390579.0,approved,0.0,0.0,0.0,3.0,3.0,0.6,0.0,0.0,0.0,0.0,0.6,0.0,0.8,0.1,0.0,0.0,0.0,0.0,0.0,0.0,0.0,0.0,0.0,0.0,0.0,0.0,0.0,0.0,0.0,0.0,0.0,0.0,0.0,0.0,0.3,0.0,10.0,10.0,the man is insane,the maannnn is insane
2017-11-06 05:03:05.904739+00,102.0,6295926.0,397385.0,approved,0.0,0.0,0.0,0.0,0.0,0.6,0.0,0.0,0.1,0.4,0.1,0.0,0.0,0.0,0.0,0.0,0.0,0.9,0.1,0.0,0.2,0.0,0.0,0.0,0.0,0.0,0.0,0.0,0.0,0.0,0.0,0.0,0.0,0.0,0.0,0.0,10.0,10.0,i bet there was a secret gay in the church,i bet there was a secret Gayyyy in the church
2017-11-06 05:03:05.904739+00,102.0,6295926.0,397385.0,approved,0.0,0.0,0.0,0.0,0.0,0.6,0.0,0.0,0.1,0.4,0.1,0.0,0.0,0.0,0.0,0.0,0.0,0.9,0.1,0.0,0.2,0.0,0.0,0.0,0.0,0.0,0.0,0.0,0.0,0.0,0.0,0.0,0.0,0.0,0.0,0.0,10.0,10.0,i bet there was a secret gay in the church,i bet there was a secret GAYYYYY in the church
2017-11-06 05:03:05.904739+00,102.0,6295926.0,397385.0,approved,0.0,0.0,0.0,0.0,0.0,0.6,0.0,0.0,0.1,0.4,0.1,0.0,0.0,0.0,0.0,0.0,0.0,0.9,0.1,0.0,0.2,0.0,0.0,0.0,0.0,0.0,0.0,0.0,0.0,0.0,0.0,0.0,0.0,0.0,0.0,0.0,10.0,10.0,i bet there was a secret gay in the church,i bet there was a secret GAYYYY in the church
2017-06-12 11:20:33.244342+00,54.0,5398103.0,343206.0,approved,0.0,0.0,0.0,2.0,0.0,0.6,0.2,0.0,0.0,0.0,0.0,0.6,,,,,,,,,,,,,,,,,,,,,,,,,0.0,10.0,good first a delay then kill it,good first a delay then Kil it
2017-06-12 11:20:33.244342+00,54.0,5398103.0,343206.0,approved,0.0,0.0,0.0,2.0,0.0,0.6,0.2,0.0,0.0,0.0,0.0,0.6,,,,,,,,,,,,,,,,,,,,,,,,,0.0,10.0,good first a delay then kill it,good first a delay then KIL it
2017-09-25 16:05:31.644776+00,13.0,,381621.0,approved,0.0,0.0,0.0,2.0,0.0,0.6,0.0,0.0,0.0,0.0,0.0,0.6,,,,,,,,,,,,,,,,,,,,,,,,,0.0,10.0,let them strike,Lett them strike
2016-10-04 23:14:47.100999+00,13.0,,147599.0,approved,0.0,0.0,0.0,2.0,0.0,0.6,0.0,0.1,0.0,0.0,0.0,0.5,1.0,0.0,0.0,0.0,0.0,0.0,0.0,0.0,0.0,0.0,0.0,0.0,0.0,0.0,0.0,0.0,0.0,0.0,0.0,0.0,0.0,0.0,0.0,0.0,4.0,10.0,may this man rot from the inside out,may this Maaaaan rot from the inside out
2016-10-04 23:14:47.100999+00,13.0,,147599.0,approved,0.0,0.0,0.0,2.0,0.0,0.6,0.0,0.1,0.0,0.0,0.0,0.5,1.0,0.0,0.0,0.0,0.0,0.0,0.0,0.0,0.0,0.0,0.0,0.0,0.0,0.0,0.0,0.0,0.0,0.0,0.0,0.0,0.0,0.0,0.0,0.0,4.0,10.0,may this man rot from the inside out,may this maaannn rot from the inside out
2016-10-04 23:14:47.100999+00,13.0,,147599.0,approved,0.0,0.0,0.0,2.0,0.0,0.6,0.0,0.1,0.0,0.0,0.0,0.5,1.0,0.0,0.0,0.0,0.0,0.0,0.0,0.0,0.0,0.0,0.0,0.0,0.0,0.0,0.0,0.0,0.0,0.0,0.0,0.0,0.0,0.0,0.0,0.0,4.0,10.0,may this man rot from the inside out,may this maaan rot from the inside out
